Age,Attrition,BusinessTravel,DailyRate,Department,DistanceFromHome,Education,EducationField,EnvironmentSatisfaction,Gender,HourlyRate,JobInvolvement,JobLevel,JobRole,JobSatisfaction,MaritalStatus,MonthlyIncome,MonthlyRate,NumCompaniesWorked,OverTime,PercentSalaryHike,PerformanceRating,RelationshipSatisfaction,StockOptionLevel,TotalWorkingYears,TrainingTimesLastYear,WorkLifeBalance,YearsAtCompany,YearsInCurrentRole,YearsSinceLastPromotion,YearsWithCurrManager
49.0,0.0,1.0,279.0,0.0,8.0,1.0,0.0,3.0,0.0,61.0,2.0,2.0,1.0,2.0,0.0,5130.0,24907.0,1.0,0.0,23.0,4.0,4.0,1.0,10.0,3.0,3.0,10.0,7.0,1.0,7.0
38.0,0.0,1.0,216.0,0.0,23.0,3.0,0.0,4.0,0.0,44.0,2.0,3.0,3.0,3.0,1.0,9526.0,8787.0,0.0,0.0,21.0,4.0,2.0,0.0,10.0,2.0,3.0,9.0,7.0,1.0,8.0
35.0,0.0,0.0,809.0,0.0,16.0,3.0,1.0,1.0,0.0,84.0,4.0,1.0,2.0,2.0,0.0,2426.0,16479.0,0.0,0.0,13.0,3.0,3.0,1.0,6.0,5.0,3.0,5.0,4.0,0.0,3.0
29.0,0.0,0.0,153.0,0.0,15.0,2.0,0.0,4.0,1.0,49.0,2.0,2.0,2.0,3.0,1.0,4193.0,12682.0,0.0,1.0,12.0,3.0,4.0,0.0,10.0,3.0,3.0,9.0,5.0,0.0,8.0
34.0,0.0,0.0,1346.0,0.0,19.0,2.0,1.0,2.0,0.0,93.0,3.0,1.0,2.0,4.0,2.0,2661.0,8758.0,0.0,0.0,11.0,3.0,3.0,1.0,3.0,2.0,3.0,2.0,2.0,1.0,2.0
22.0,0.0,2.0,1123.0,0.0,16.0,2.0,1.0,4.0,0.0,96.0,4.0,1.0,2.0,4.0,2.0,2935.0,7324.0,1.0,1.0,13.0,3.0,2.0,2.0,1.0,2.0,2.0,1.0,0.0,0.0,0.0
53.0,0.0,0.0,1219.0,1.0,2.0,4.0,0.0,1.0,1.0,78.0,2.0,4.0,5.0,4.0,0.0,15427.0,22021.0,2.0,0.0,16.0,3.0,3.0,0.0,31.0,3.0,3.0,25.0,8.0,3.0,7.0
30.0,0.0,0.0,125.0,0.0,9.0,2.0,1.0,4.0,0.0,83.0,2.0,1.0,2.0,3.0,1.0,2206.0,16117.0,1.0,0.0,13.0,3.0,1.0,0.0,10.0,5.0,3.0,10.0,0.0,1.0,8.0
43.0,0.0,0.0,1273.0,0.0,2.0,2.0,1.0,4.0,1.0,72.0,4.0,1.0,1.0,3.0,2.0,2645.0,21923.0,1.0,0.0,12.0,3.0,4.0,2.0,6.0,3.0,2.0,5.0,3.0,1.0,4.0
36.0,0.0,0.0,852.0,0.0,5.0,4.0,0.0,2.0,1.0,82.0,2.0,1.0,1.0,1.0,0.0,3419.0,13072.0,9.0,1.0,14.0,3.0,4.0,1.0,6.0,3.0,4.0,1.0,1.0,0.0,0.0
48.0,1.0,0.0,626.0,0.0,1.0,2.0,0.0,1.0,0.0,98.0,2.0,3.0,2.0,3.0,1.0,5381.0,19294.0,9.0,1.0,13.0,3.0,4.0,0.0,23.0,2.0,3.0,1.0,0.0,0.0,0.0
44.0,0.0,0.0,1488.0,1.0,1.0,5.0,2.0,2.0,1.0,75.0,3.0,2.0,0.0,1.0,2.0,5454.0,4009.0,5.0,1.0,21.0,4.0,3.0,1.0,9.0,2.0,2.0,4.0,3.0,1.0,3.0
33.0,0.0,1.0,515.0,0.0,1.0,2.0,0.0,1.0,1.0,98.0,3.0,3.0,7.0,4.0,1.0,13458.0,15146.0,1.0,1.0,12.0,3.0,3.0,0.0,15.0,1.0,3.0,15.0,14.0,8.0,12.0
50.0,0.0,0.0,989.0,0.0,7.0,2.0,1.0,2.0,1.0,43.0,2.0,5.0,7.0,3.0,2.0,18740.0,16701.0,5.0,1.0,12.0,3.0,4.0,1.0,29.0,2.0,2.0,27.0,3.0,13.0,8.0
35.0,0.0,1.0,664.0,0.0,1.0,3.0,1.0,2.0,0.0,79.0,3.0,1.0,1.0,1.0,0.0,2194.0,5868.0,4.0,0.0,13.0,3.0,4.0,1.0,5.0,2.0,2.0,3.0,2.0,1.0,2.0
29.0,0.0,0.0,1328.0,0.0,2.0,3.0,0.0,3.0,0.0,76.0,3.0,1.0,1.0,2.0,0.0,2703.0,4956.0,0.0,0.0,23.0,4.0,4.0,1.0,6.0,3.0,3.0,5.0,4.0,0.0,4.0
30.0,0.0,0.0,852.0,0.0,1.0,1.0,0.0,4.0,0.0,55.0,2.0,2.0,2.0,4.0,0.0,5126.0,15998.0,1.0,1.0,12.0,3.0,3.0,2.0,10.0,1.0,2.0,10.0,8.0,3.0,0.0
55.0,0.0,0.0,111.0,1.0,1.0,2.0,0.0,1.0,0.0,70.0,3.0,3.0,0.0,4.0,0.0,10239.0,18092.0,3.0,0.0,14.0,3.0,4.0,1.0,24.0,4.0,3.0,1.0,0.0,1.0,0.0
46.0,1.0,0.0,669.0,1.0,9.0,2.0,1.0,3.0,0.0,64.0,2.0,3.0,0.0,4.0,1.0,9619.0,13596.0,1.0,0.0,16.0,3.0,4.0,0.0,9.0,3.0,3.0,9.0,8.0,4.0,7.0
40.0,0.0,1.0,530.0,0.0,1.0,4.0,0.0,3.0,0.0,78.0,2.0,4.0,4.0,2.0,0.0,13503.0,14115.0,1.0,0.0,22.0,4.0,4.0,1.0,22.0,3.0,2.0,22.0,3.0,11.0,11.0
20.0,1.0,1.0,871.0,0.0,6.0,3.0,0.0,4.0,1.0,66.0,2.0,1.0,2.0,4.0,1.0,2926.0,19783.0,1.0,1.0,18.0,3.0,2.0,0.0,1.0,5.0,3.0,1.0,0.0,1.0,0.0
37.0,0.0,2.0,1040.0,0.0,2.0,2.0,0.0,3.0,0.0,100.0,2.0,2.0,4.0,4.0,2.0,5163.0,15850.0,5.0,0.0,14.0,3.0,4.0,1.0,17.0,2.0,4.0,1.0,0.0,0.0,0.0
54.0,0.0,2.0,142.0,2.0,26.0,3.0,5.0,4.0,1.0,30.0,4.0,4.0,5.0,4.0,1.0,17328.0,13871.0,2.0,1.0,12.0,3.0,3.0,0.0,23.0,3.0,3.0,5.0,3.0,4.0,4.0
34.0,0.0,0.0,1031.0,0.0,6.0,4.0,0.0,3.0,1.0,45.0,2.0,2.0,1.0,2.0,2.0,4505.0,15000.0,6.0,0.0,15.0,3.0,3.0,1.0,12.0,3.0,3.0,1.0,0.0,0.0,0.0
34.0,0.0,0.0,1354.0,0.0,5.0,3.0,1.0,3.0,1.0,45.0,2.0,3.0,5.0,1.0,1.0,11631.0,5615.0,2.0,0.0,12.0,3.0,4.0,0.0,14.0,6.0,3.0,11.0,10.0,5.0,8.0
56.0,1.0,0.0,441.0,0.0,14.0,4.0,0.0,2.0,1.0,72.0,3.0,1.0,1.0,2.0,0.0,4963.0,4510.0,9.0,1.0,18.0,3.0,1.0,3.0,7.0,2.0,3.0,5.0,4.0,4.0,3.0
31.0,1.0,0.0,249.0,1.0,6.0,4.0,0.0,2.0,0.0,76.0,1.0,2.0,0.0,3.0,0.0,6172.0,20739.0,4.0,1.0,18.0,3.0,2.0,0.0,12.0,3.0,2.0,7.0,7.0,7.0,7.0
19.0,1.0,0.0,528.0,1.0,22.0,1.0,2.0,4.0,0.0,50.0,3.0,1.0,6.0,3.0,1.0,1675.0,26820.0,1.0,1.0,19.0,3.0,4.0,0.0,0.0,2.0,2.0,0.0,0.0,0.0,0.0
41.0,0.0,0.0,802.0,1.0,9.0,1.0,0.0,3.0,0.0,96.0,3.0,3.0,0.0,3.0,2.0,8189.0,21196.0,3.0,1.0,13.0,3.0,3.0,1.0,12.0,2.0,3.0,9.0,7.0,0.0,7.0
38.0,0.0,0.0,364.0,0.0,3.0,5.0,3.0,4.0,1.0,32.0,3.0,2.0,1.0,3.0,1.0,4317.0,2302.0,3.0,1.0,20.0,4.0,2.0,0.0,19.0,2.0,3.0,3.0,2.0,2.0,2.0
41.0,0.0,0.0,933.0,0.0,9.0,4.0,0.0,3.0,0.0,94.0,3.0,1.0,2.0,1.0,0.0,2238.0,6961.0,2.0,0.0,21.0,4.0,4.0,1.0,7.0,2.0,3.0,5.0,0.0,1.0,4.0
19.0,0.0,0.0,1181.0,0.0,3.0,1.0,1.0,2.0,1.0,79.0,3.0,1.0,2.0,2.0,1.0,1483.0,16102.0,1.0,0.0,14.0,3.0,4.0,0.0,1.0,3.0,3.0,1.0,0.0,0.0,0.0
58.0,0.0,0.0,1145.0,0.0,9.0,3.0,1.0,2.0,1.0,75.0,2.0,1.0,1.0,2.0,0.0,3346.0,11873.0,4.0,1.0,20.0,4.0,2.0,1.0,9.0,3.0,2.0,1.0,0.0,0.0,0.0
34.0,0.0,1.0,303.0,1.0,2.0,4.0,2.0,3.0,1.0,75.0,3.0,1.0,6.0,3.0,0.0,2231.0,11314.0,6.0,0.0,18.0,3.0,4.0,1.0,6.0,3.0,3.0,4.0,3.0,1.0,2.0
28.0,0.0,0.0,440.0,0.0,21.0,3.0,1.0,3.0,0.0,42.0,3.0,1.0,1.0,4.0,0.0,2713.0,6672.0,1.0,0.0,11.0,3.0,3.0,1.0,5.0,2.0,1.0,5.0,2.0,0.0,2.0
41.0,0.0,0.0,465.0,0.0,14.0,3.0,0.0,1.0,0.0,56.0,3.0,1.0,1.0,3.0,2.0,2451.0,4609.0,4.0,0.0,12.0,3.0,1.0,1.0,13.0,2.0,3.0,9.0,8.0,1.0,8.0
32.0,0.0,0.0,120.0,0.0,6.0,5.0,0.0,3.0,0.0,43.0,3.0,1.0,1.0,3.0,1.0,3038.0,12430.0,3.0,0.0,20.0,4.0,1.0,0.0,8.0,2.0,3.0,5.0,4.0,1.0,4.0
36.0,0.0,1.0,1480.0,0.0,3.0,2.0,1.0,4.0,0.0,30.0,3.0,1.0,2.0,2.0,1.0,2088.0,15062.0,4.0,0.0,12.0,3.0,3.0,0.0,13.0,3.0,2.0,8.0,7.0,7.0,2.0
45.0,0.0,0.0,1268.0,1.0,4.0,2.0,0.0,3.0,1.0,30.0,3.0,2.0,0.0,1.0,2.0,5006.0,6319.0,4.0,1.0,11.0,3.0,1.0,1.0,9.0,3.0,4.0,5.0,4.0,0.0,3.0
46.0,0.0,0.0,526.0,1.0,1.0,2.0,2.0,2.0,1.0,92.0,3.0,3.0,0.0,1.0,2.0,10453.0,2137.0,1.0,0.0,25.0,4.0,3.0,3.0,24.0,2.0,3.0,24.0,13.0,15.0,7.0
34.0,0.0,0.0,629.0,0.0,27.0,2.0,1.0,4.0,1.0,95.0,3.0,1.0,1.0,2.0,1.0,2311.0,5711.0,2.0,0.0,15.0,3.0,4.0,0.0,9.0,3.0,3.0,3.0,2.0,1.0,2.0
53.0,0.0,0.0,1084.0,0.0,13.0,2.0,1.0,4.0,1.0,57.0,4.0,2.0,3.0,1.0,2.0,4450.0,26250.0,1.0,0.0,11.0,3.0,3.0,2.0,5.0,3.0,3.0,4.0,2.0,1.0,3.0
55.0,0.0,0.0,692.0,0.0,14.0,4.0,1.0,3.0,0.0,61.0,4.0,5.0,7.0,2.0,1.0,18722.0,13339.0,8.0,0.0,11.0,3.0,4.0,0.0,36.0,3.0,3.0,24.0,15.0,2.0,15.0
43.0,0.0,2.0,1344.0,0.0,7.0,3.0,1.0,4.0,0.0,37.0,4.0,1.0,1.0,4.0,2.0,2089.0,5228.0,4.0,0.0,14.0,3.0,4.0,3.0,7.0,3.0,4.0,5.0,4.0,2.0,2.0
38.0,0.0,0.0,1261.0,0.0,2.0,4.0,0.0,4.0,0.0,88.0,3.0,2.0,3.0,3.0,0.0,6553.0,7259.0,9.0,0.0,14.0,3.0,2.0,0.0,14.0,3.0,3.0,1.0,0.0,0.0,0.0
38.0,1.0,0.0,1180.0,0.0,29.0,1.0,1.0,2.0,0.0,70.0,3.0,2.0,4.0,1.0,0.0,6673.0,11354.0,7.0,1.0,19.0,3.0,2.0,0.0,17.0,2.0,3.0,1.0,0.0,0.0,0.0
40.0,0.0,2.0,1151.0,0.0,9.0,5.0,0.0,4.0,0.0,63.0,2.0,2.0,4.0,4.0,0.0,4876.0,14242.0,9.0,0.0,14.0,3.0,4.0,1.0,5.0,5.0,1.0,3.0,2.0,0.0,2.0
51.0,0.0,0.0,1469.0,0.0,8.0,4.0,0.0,2.0,0.0,81.0,2.0,3.0,7.0,2.0,0.0,12490.0,15736.0,5.0,0.0,16.0,3.0,4.0,2.0,16.0,5.0,1.0,10.0,9.0,4.0,7.0
30.0,1.0,0.0,1005.0,0.0,3.0,3.0,3.0,4.0,1.0,88.0,3.0,1.0,1.0,1.0,1.0,2657.0,8556.0,5.0,1.0,11.0,3.0,3.0,0.0,8.0,5.0,3.0,5.0,2.0,0.0,4.0
30.0,1.0,1.0,334.0,1.0,26.0,4.0,2.0,3.0,1.0,52.0,2.0,2.0,0.0,1.0,1.0,6696.0,22967.0,5.0,0.0,15.0,3.0,3.0,0.0,9.0,5.0,2.0,6.0,3.0,0.0,1.0
45.0,0.0,2.0,1052.0,1.0,6.0,3.0,1.0,4.0,1.0,57.0,2.0,3.0,0.0,4.0,1.0,8865.0,16840.0,6.0,0.0,12.0,3.0,4.0,0.0,23.0,2.0,3.0,19.0,7.0,12.0,8.0
50.0,0.0,0.0,854.0,1.0,1.0,4.0,1.0,4.0,1.0,68.0,3.0,5.0,5.0,4.0,2.0,19517.0,24118.0,3.0,0.0,11.0,3.0,3.0,1.0,32.0,3.0,2.0,7.0,0.0,0.0,6.0
52.0,0.0,2.0,771.0,1.0,2.0,4.0,0.0,1.0,0.0,79.0,2.0,5.0,5.0,3.0,1.0,19068.0,21030.0,1.0,1.0,18.0,3.0,4.0,0.0,33.0,2.0,4.0,33.0,7.0,15.0,12.0
32.0,0.0,2.0,976.0,1.0,26.0,4.0,2.0,3.0,0.0,100.0,3.0,2.0,0.0,4.0,0.0,4465.0,12069.0,0.0,0.0,18.0,3.0,1.0,0.0,4.0,2.0,3.0,3.0,2.0,2.0,2.0
45.0,0.0,1.0,1199.0,0.0,7.0,4.0,0.0,1.0,0.0,77.0,4.0,2.0,3.0,3.0,0.0,6434.0,5118.0,4.0,0.0,17.0,3.0,4.0,1.0,9.0,1.0,3.0,3.0,2.0,0.0,2.0
42.0,0.0,0.0,916.0,0.0,17.0,2.0,0.0,4.0,1.0,82.0,4.0,2.0,1.0,1.0,1.0,6545.0,23016.0,3.0,1.0,13.0,3.0,3.0,0.0,10.0,1.0,3.0,3.0,2.0,0.0,2.0
42.0,0.0,0.0,269.0,0.0,2.0,3.0,1.0,4.0,1.0,56.0,2.0,1.0,2.0,1.0,2.0,2593.0,8007.0,0.0,1.0,11.0,3.0,3.0,1.0,10.0,4.0,3.0,9.0,6.0,7.0,8.0
40.0,0.0,0.0,1416.0,0.0,2.0,2.0,1.0,1.0,0.0,49.0,3.0,5.0,7.0,3.0,2.0,19436.0,5949.0,0.0,0.0,19.0,3.0,4.0,1.0,22.0,5.0,3.0,21.0,7.0,3.0,9.0
29.0,0.0,0.0,1210.0,1.0,2.0,3.0,1.0,1.0,0.0,78.0,2.0,2.0,0.0,2.0,0.0,6644.0,3687.0,2.0,0.0,19.0,3.0,2.0,2.0,10.0,2.0,3.0,0.0,0.0,0.0,0.0
25.0,0.0,2.0,675.0,0.0,5.0,2.0,0.0,2.0,0.0,85.0,4.0,2.0,4.0,1.0,2.0,4000.0,18384.0,1.0,0.0,12.0,3.0,4.0,2.0,6.0,2.0,3.0,6.0,3.0,1.0,5.0
21.0,0.0,0.0,996.0,0.0,3.0,2.0,1.0,4.0,0.0,100.0,2.0,1.0,1.0,3.0,1.0,3230.0,10531.0,1.0,0.0,17.0,3.0,1.0,0.0,3.0,4.0,4.0,3.0,2.0,1.0,0.0
35.0,0.0,0.0,1315.0,0.0,22.0,3.0,0.0,2.0,1.0,71.0,4.0,3.0,5.0,2.0,2.0,11996.0,19100.0,7.0,0.0,18.0,3.0,2.0,1.0,10.0,6.0,2.0,7.0,7.0,6.0,2.0
55.0,0.0,0.0,147.0,0.0,20.0,2.0,3.0,2.0,0.0,37.0,3.0,2.0,2.0,4.0,0.0,5415.0,15972.0,3.0,1.0,19.0,3.0,4.0,1.0,12.0,4.0,3.0,10.0,7.0,0.0,8.0
58.0,0.0,2.0,390.0,0.0,1.0,4.0,0.0,4.0,0.0,32.0,1.0,2.0,4.0,3.0,2.0,5660.0,17056.0,2.0,1.0,13.0,3.0,4.0,1.0,12.0,2.0,3.0,5.0,3.0,1.0,2.0
27.0,0.0,0.0,1377.0,1.0,2.0,3.0,0.0,4.0,0.0,74.0,3.0,2.0,0.0,3.0,1.0,4478.0,5242.0,1.0,1.0,11.0,3.0,1.0,0.0,5.0,3.0,3.0,5.0,4.0,0.0,4.0
31.0,0.0,0.0,691.0,1.0,7.0,3.0,2.0,4.0,0.0,73.0,3.0,2.0,0.0,4.0,2.0,7547.0,7143.0,4.0,0.0,12.0,3.0,4.0,3.0,13.0,3.0,3.0,7.0,7.0,1.0,7.0
47.0,0.0,0.0,1482.0,0.0,5.0,5.0,0.0,4.0,0.0,42.0,3.0,5.0,7.0,3.0,0.0,18300.0,16375.0,4.0,0.0,11.0,3.0,2.0,1.0,21.0,2.0,3.0,3.0,2.0,1.0,1.0
54.0,0.0,1.0,928.0,0.0,20.0,4.0,0.0,4.0,1.0,31.0,3.0,2.0,1.0,3.0,1.0,4869.0,16885.0,3.0,0.0,12.0,3.0,4.0,0.0,20.0,4.0,2.0,4.0,3.0,0.0,3.0
30.0,0.0,0.0,570.0,1.0,5.0,3.0,2.0,4.0,1.0,30.0,2.0,2.0,0.0,3.0,2.0,6118.0,5431.0,1.0,0.0,13.0,3.0,3.0,3.0,10.0,2.0,3.0,10.0,9.0,1.0,2.0
29.0,0.0,0.0,144.0,1.0,10.0,1.0,2.0,4.0,1.0,39.0,2.0,2.0,0.0,2.0,2.0,8268.0,11866.0,1.0,1.0,14.0,3.0,1.0,2.0,7.0,2.0,3.0,7.0,7.0,1.0,7.0
29.0,0.0,2.0,746.0,1.0,2.0,3.0,0.0,4.0,0.0,61.0,3.0,2.0,0.0,3.0,0.0,4649.0,16928.0,1.0,0.0,14.0,3.0,1.0,1.0,4.0,3.0,2.0,4.0,3.0,0.0,2.0
30.0,0.0,2.0,641.0,1.0,25.0,2.0,3.0,4.0,1.0,85.0,3.0,2.0,0.0,3.0,0.0,4736.0,6069.0,7.0,1.0,12.0,3.0,2.0,1.0,4.0,2.0,4.0,2.0,2.0,2.0,2.0
36.0,0.0,2.0,845.0,1.0,1.0,5.0,1.0,4.0,1.0,45.0,3.0,2.0,0.0,4.0,1.0,6653.0,15276.0,4.0,0.0,15.0,3.0,2.0,0.0,7.0,6.0,3.0,1.0,0.0,0.0,0.0
40.0,0.0,0.0,1171.0,0.0,10.0,4.0,0.0,4.0,1.0,46.0,4.0,1.0,2.0,3.0,0.0,2213.0,22495.0,3.0,1.0,13.0,3.0,3.0,1.0,10.0,3.0,3.0,7.0,7.0,1.0,7.0
40.0,1.0,0.0,575.0,1.0,22.0,2.0,2.0,3.0,0.0,68.0,2.0,2.0,0.0,3.0,0.0,6380.0,6110.0,2.0,1.0,12.0,3.0,1.0,2.0,8.0,6.0,3.0,6.0,4.0,1.0,0.0
24.0,0.0,0.0,1371.0,1.0,10.0,4.0,2.0,4.0,1.0,77.0,3.0,2.0,0.0,3.0,2.0,4260.0,5915.0,1.0,1.0,12.0,3.0,4.0,1.0,5.0,2.0,4.0,5.0,2.0,0.0,3.0
30.0,0.0,0.0,202.0,1.0,2.0,1.0,3.0,3.0,0.0,72.0,3.0,1.0,6.0,2.0,0.0,2476.0,17434.0,1.0,0.0,18.0,3.0,1.0,1.0,1.0,3.0,3.0,1.0,0.0,0.0,0.0
42.0,0.0,0.0,201.0,0.0,1.0,4.0,0.0,2.0,1.0,95.0,3.0,1.0,2.0,1.0,2.0,2576.0,20490.0,3.0,0.0,16.0,3.0,2.0,1.0,8.0,5.0,3.0,5.0,2.0,1.0,2.0
37.0,0.0,0.0,1305.0,0.0,10.0,4.0,0.0,3.0,0.0,49.0,3.0,2.0,3.0,2.0,1.0,4197.0,21123.0,2.0,1.0,12.0,3.0,4.0,0.0,18.0,2.0,2.0,1.0,0.0,0.0,1.0
39.0,0.0,1.0,1218.0,0.0,1.0,1.0,0.0,2.0,0.0,52.0,3.0,5.0,5.0,3.0,2.0,19197.0,8213.0,1.0,1.0,14.0,3.0,3.0,1.0,21.0,3.0,3.0,21.0,8.0,1.0,6.0
41.0,0.0,0.0,645.0,1.0,1.0,3.0,2.0,2.0,0.0,49.0,4.0,3.0,0.0,1.0,0.0,8392.0,19566.0,1.0,0.0,16.0,3.0,3.0,1.0,10.0,2.0,3.0,10.0,7.0,0.0,7.0
25.0,1.0,0.0,688.0,0.0,3.0,3.0,1.0,1.0,0.0,91.0,3.0,1.0,2.0,1.0,0.0,4031.0,9396.0,5.0,0.0,13.0,3.0,3.0,1.0,6.0,5.0,3.0,2.0,2.0,0.0,2.0
52.0,0.0,0.0,319.0,0.0,3.0,3.0,1.0,4.0,0.0,39.0,2.0,3.0,3.0,3.0,0.0,7969.0,19609.0,2.0,1.0,14.0,3.0,3.0,0.0,28.0,4.0,3.0,5.0,4.0,0.0,4.0
42.0,0.0,1.0,1368.0,0.0,28.0,4.0,3.0,4.0,1.0,88.0,2.0,2.0,4.0,4.0,0.0,4523.0,4386.0,0.0,0.0,11.0,3.0,4.0,3.0,7.0,4.0,4.0,6.0,5.0,0.0,4.0
38.0,0.0,1.0,1490.0,0.0,2.0,2.0,0.0,4.0,0.0,42.0,3.0,1.0,2.0,4.0,0.0,1702.0,12106.0,1.0,1.0,23.0,4.0,3.0,1.0,1.0,3.0,3.0,1.0,0.0,0.0,0.0
35.0,0.0,0.0,144.0,0.0,22.0,3.0,0.0,4.0,0.0,46.0,1.0,1.0,2.0,3.0,1.0,4230.0,19225.0,0.0,0.0,15.0,3.0,3.0,0.0,6.0,2.0,3.0,5.0,4.0,4.0,3.0
34.0,0.0,0.0,1303.0,0.0,2.0,4.0,0.0,4.0,0.0,62.0,2.0,1.0,1.0,3.0,2.0,2768.0,8416.0,3.0,0.0,12.0,3.0,3.0,1.0,14.0,3.0,3.0,7.0,3.0,5.0,7.0
35.0,0.0,0.0,1276.0,0.0,16.0,3.0,0.0,4.0,0.0,72.0,3.0,3.0,4.0,3.0,0.0,7632.0,14295.0,4.0,1.0,12.0,3.0,3.0,0.0,10.0,2.0,3.0,8.0,7.0,0.0,0.0
31.0,1.0,1.0,534.0,0.0,20.0,3.0,0.0,1.0,0.0,66.0,3.0,3.0,4.0,3.0,0.0,9824.0,22908.0,3.0,0.0,12.0,3.0,1.0,0.0,12.0,2.0,3.0,1.0,0.0,0.0,0.0
48.0,0.0,0.0,163.0,1.0,2.0,5.0,2.0,2.0,1.0,37.0,3.0,2.0,0.0,4.0,0.0,4051.0,19658.0,2.0,0.0,14.0,3.0,1.0,1.0,14.0,2.0,3.0,9.0,7.0,6.0,7.0
55.0,0.0,0.0,1117.0,1.0,18.0,5.0,0.0,1.0,1.0,83.0,3.0,4.0,5.0,2.0,1.0,16835.0,9873.0,3.0,0.0,23.0,4.0,4.0,0.0,37.0,2.0,3.0,10.0,9.0,7.0,7.0
31.0,0.0,0.0,828.0,1.0,2.0,1.0,0.0,2.0,0.0,77.0,3.0,2.0,0.0,4.0,1.0,6582.0,8346.0,4.0,1.0,13.0,3.0,3.0,0.0,10.0,2.0,4.0,6.0,5.0,0.0,5.0
42.0,0.0,0.0,319.0,0.0,24.0,3.0,1.0,4.0,0.0,56.0,3.0,3.0,3.0,1.0,0.0,7406.0,6950.0,1.0,1.0,21.0,4.0,4.0,1.0,10.0,5.0,2.0,10.0,9.0,5.0,8.0
45.0,0.0,0.0,561.0,1.0,2.0,3.0,4.0,4.0,0.0,61.0,3.0,2.0,0.0,2.0,0.0,4805.0,16177.0,0.0,0.0,19.0,3.0,2.0,1.0,9.0,3.0,4.0,8.0,7.0,3.0,7.0
33.0,0.0,0.0,922.0,0.0,1.0,5.0,1.0,1.0,1.0,95.0,4.0,4.0,7.0,3.0,2.0,16184.0,22578.0,4.0,0.0,19.0,3.0,3.0,1.0,10.0,2.0,3.0,6.0,1.0,0.0,5.0
31.0,0.0,0.0,688.0,1.0,7.0,3.0,0.0,3.0,0.0,44.0,2.0,3.0,5.0,4.0,2.0,11557.0,25291.0,9.0,0.0,21.0,4.0,3.0,1.0,10.0,3.0,2.0,5.0,4.0,0.0,1.0
18.0,1.0,1.0,1306.0,1.0,5.0,3.0,2.0,2.0,0.0,69.0,3.0,1.0,6.0,2.0,1.0,1878.0,8059.0,1.0,1.0,14.0,3.0,4.0,0.0,0.0,3.0,3.0,0.0,0.0,0.0,0.0
35.0,0.0,0.0,195.0,1.0,1.0,3.0,1.0,1.0,1.0,80.0,3.0,2.0,0.0,3.0,1.0,4859.0,6698.0,1.0,0.0,16.0,3.0,4.0,0.0,5.0,3.0,3.0,5.0,4.0,0.0,3.0
34.0,0.0,0.0,258.0,1.0,21.0,4.0,0.0,4.0,0.0,74.0,4.0,2.0,0.0,4.0,1.0,5337.0,19921.0,1.0,0.0,12.0,3.0,4.0,0.0,10.0,3.0,3.0,10.0,7.0,5.0,7.0
41.0,0.0,0.0,1276.0,1.0,2.0,5.0,0.0,2.0,1.0,91.0,3.0,4.0,5.0,1.0,0.0,16595.0,5626.0,7.0,0.0,16.0,3.0,2.0,1.0,22.0,2.0,3.0,18.0,16.0,11.0,8.0
32.0,1.0,2.0,1474.0,1.0,11.0,4.0,4.0,4.0,0.0,60.0,4.0,2.0,0.0,3.0,0.0,4707.0,23914.0,8.0,0.0,12.0,3.0,4.0,0.0,6.0,2.0,3.0,4.0,2.0,1.0,2.0
24.0,0.0,0.0,691.0,0.0,23.0,3.0,1.0,2.0,0.0,89.0,4.0,1.0,1.0,4.0,0.0,2725.0,21630.0,1.0,1.0,11.0,3.0,2.0,2.0,6.0,3.0,3.0,6.0,5.0,1.0,4.0
25.0,0.0,0.0,622.0,1.0,13.0,1.0,1.0,2.0,0.0,40.0,3.0,1.0,6.0,3.0,0.0,2096.0,26376.0,1.0,0.0,11.0,3.0,3.0,0.0,7.0,1.0,3.0,7.0,4.0,0.0,6.0
24.0,1.0,1.0,1287.0,0.0,7.0,3.0,0.0,1.0,1.0,55.0,3.0,1.0,2.0,3.0,0.0,2886.0,14168.0,1.0,1.0,16.0,3.0,4.0,1.0,6.0,4.0,3.0,6.0,3.0,1.0,2.0
31.0,1.0,0.0,1365.0,1.0,13.0,4.0,1.0,2.0,0.0,46.0,3.0,2.0,0.0,1.0,2.0,4233.0,11512.0,2.0,0.0,17.0,3.0,3.0,0.0,9.0,2.0,1.0,3.0,1.0,1.0,2.0
27.0,0.0,0.0,798.0,0.0,6.0,4.0,1.0,1.0,1.0,66.0,2.0,1.0,1.0,3.0,2.0,2187.0,5013.0,0.0,0.0,12.0,3.0,3.0,2.0,6.0,5.0,2.0,5.0,3.0,0.0,3.0
20.0,0.0,0.0,959.0,0.0,1.0,3.0,0.0,4.0,1.0,83.0,2.0,1.0,1.0,2.0,1.0,2836.0,11757.0,1.0,0.0,13.0,3.0,4.0,0.0,1.0,0.0,4.0,1.0,0.0,0.0,0.0
38.0,0.0,0.0,362.0,0.0,1.0,1.0,0.0,3.0,1.0,43.0,3.0,1.0,1.0,1.0,1.0,2619.0,14561.0,3.0,0.0,17.0,3.0,4.0,0.0,8.0,3.0,2.0,0.0,0.0,0.0,0.0
21.0,0.0,0.0,1343.0,1.0,22.0,1.0,3.0,3.0,0.0,49.0,3.0,1.0,6.0,3.0,1.0,3447.0,24444.0,1.0,0.0,11.0,3.0,3.0,0.0,3.0,2.0,3.0,3.0,2.0,1.0,2.0
33.0,0.0,0.0,1216.0,1.0,8.0,4.0,2.0,3.0,0.0,39.0,3.0,2.0,0.0,3.0,2.0,7104.0,20431.0,0.0,0.0,12.0,3.0,4.0,0.0,6.0,3.0,3.0,5.0,0.0,1.0,2.0
32.0,0.0,0.0,646.0,0.0,9.0,4.0,0.0,1.0,1.0,92.0,3.0,2.0,1.0,4.0,0.0,6322.0,18089.0,1.0,1.0,12.0,3.0,4.0,1.0,6.0,2.0,2.0,6.0,4.0,0.0,5.0
34.0,0.0,0.0,1397.0,0.0,1.0,5.0,0.0,2.0,0.0,42.0,3.0,1.0,1.0,4.0,0.0,2691.0,7660.0,1.0,0.0,12.0,3.0,4.0,1.0,10.0,4.0,2.0,10.0,9.0,8.0,8.0
37.0,0.0,0.0,482.0,0.0,3.0,3.0,4.0,3.0,0.0,36.0,3.0,3.0,3.0,3.0,0.0,9434.0,9606.0,1.0,0.0,15.0,3.0,3.0,1.0,10.0,2.0,3.0,10.0,7.0,7.0,8.0
29.0,0.0,0.0,1176.0,1.0,3.0,2.0,1.0,2.0,1.0,62.0,3.0,2.0,0.0,3.0,0.0,5561.0,3487.0,1.0,0.0,14.0,3.0,1.0,1.0,6.0,5.0,2.0,6.0,0.0,1.0,2.0
54.0,0.0,0.0,397.0,2.0,19.0,4.0,1.0,3.0,0.0,88.0,3.0,3.0,8.0,2.0,0.0,10725.0,6729.0,2.0,0.0,15.0,3.0,3.0,1.0,16.0,1.0,4.0,9.0,7.0,7.0,1.0
29.0,0.0,1.0,806.0,0.0,1.0,4.0,0.0,2.0,0.0,76.0,1.0,1.0,1.0,4.0,2.0,2720.0,18959.0,1.0,0.0,18.0,3.0,4.0,1.0,10.0,5.0,3.0,10.0,7.0,2.0,8.0
50.0,0.0,0.0,1207.0,0.0,28.0,1.0,1.0,4.0,0.0,74.0,4.0,1.0,2.0,3.0,0.0,3221.0,3297.0,1.0,1.0,11.0,3.0,3.0,3.0,20.0,3.0,3.0,20.0,8.0,3.0,8.0
38.0,0.0,0.0,827.0,0.0,1.0,4.0,0.0,2.0,1.0,33.0,4.0,2.0,4.0,4.0,1.0,7625.0,19383.0,0.0,0.0,13.0,3.0,3.0,0.0,10.0,4.0,2.0,9.0,7.0,1.0,8.0
41.0,0.0,0.0,427.0,2.0,10.0,4.0,5.0,2.0,0.0,73.0,2.0,5.0,5.0,4.0,2.0,19141.0,8861.0,3.0,0.0,15.0,3.0,2.0,3.0,23.0,2.0,2.0,21.0,6.0,12.0,6.0
60.0,0.0,0.0,1179.0,1.0,16.0,4.0,2.0,1.0,0.0,84.0,3.0,2.0,0.0,1.0,1.0,5405.0,11924.0,8.0,0.0,14.0,3.0,4.0,0.0,10.0,1.0,3.0,2.0,2.0,2.0,2.0
42.0,1.0,1.0,933.0,0.0,19.0,3.0,1.0,3.0,0.0,57.0,4.0,1.0,1.0,3.0,2.0,2759.0,20366.0,6.0,1.0,12.0,3.0,4.0,0.0,7.0,2.0,3.0,2.0,2.0,2.0,2.0
43.0,0.0,1.0,775.0,1.0,15.0,3.0,0.0,4.0,0.0,47.0,2.0,2.0,0.0,4.0,0.0,6804.0,23683.0,3.0,0.0,18.0,3.0,3.0,1.0,7.0,5.0,3.0,2.0,2.0,2.0,2.0
27.0,0.0,0.0,975.0,0.0,7.0,3.0,1.0,4.0,1.0,55.0,2.0,2.0,4.0,1.0,1.0,6811.0,23398.0,8.0,0.0,19.0,3.0,1.0,0.0,9.0,2.0,1.0,7.0,6.0,0.0,7.0
32.0,0.0,1.0,430.0,0.0,24.0,4.0,0.0,1.0,0.0,80.0,3.0,2.0,2.0,4.0,0.0,5309.0,21146.0,1.0,0.0,15.0,3.0,4.0,2.0,10.0,2.0,3.0,10.0,8.0,4.0,7.0
52.0,0.0,0.0,621.0,1.0,3.0,4.0,2.0,3.0,0.0,31.0,2.0,4.0,5.0,1.0,0.0,16856.0,10084.0,1.0,0.0,11.0,3.0,1.0,0.0,34.0,3.0,4.0,34.0,6.0,1.0,16.0
25.0,0.0,0.0,883.0,1.0,26.0,1.0,1.0,3.0,1.0,32.0,3.0,2.0,0.0,4.0,1.0,6180.0,22807.0,1.0,0.0,23.0,4.0,2.0,0.0,6.0,5.0,2.0,6.0,5.0,1.0,4.0
26.0,0.0,1.0,575.0,0.0,1.0,2.0,0.0,1.0,1.0,71.0,1.0,1.0,2.0,4.0,2.0,4364.0,5288.0,3.0,0.0,14.0,3.0,1.0,1.0,5.0,2.0,3.0,2.0,2.0,2.0,0.0
34.0,0.0,0.0,182.0,0.0,1.0,4.0,0.0,2.0,1.0,72.0,4.0,1.0,1.0,4.0,1.0,3280.0,13551.0,2.0,0.0,16.0,3.0,3.0,0.0,10.0,2.0,3.0,4.0,2.0,1.0,3.0
23.0,1.0,0.0,1243.0,0.0,6.0,3.0,0.0,3.0,0.0,63.0,4.0,1.0,2.0,1.0,0.0,1601.0,3445.0,1.0,1.0,21.0,4.0,3.0,2.0,1.0,2.0,3.0,0.0,0.0,0.0,0.0
24.0,0.0,2.0,1092.0,0.0,9.0,3.0,0.0,3.0,0.0,60.0,2.0,1.0,2.0,2.0,2.0,2694.0,26551.0,1.0,0.0,11.0,3.0,3.0,3.0,1.0,4.0,3.0,1.0,0.0,0.0,0.0
29.0,1.0,0.0,805.0,0.0,1.0,2.0,0.0,2.0,1.0,36.0,2.0,1.0,2.0,1.0,0.0,2319.0,6689.0,1.0,1.0,11.0,3.0,4.0,1.0,1.0,1.0,3.0,1.0,0.0,0.0,0.0
33.0,1.0,0.0,118.0,1.0,16.0,3.0,2.0,1.0,1.0,69.0,3.0,2.0,0.0,1.0,1.0,5324.0,26507.0,5.0,0.0,15.0,3.0,3.0,0.0,6.0,3.0,3.0,3.0,2.0,0.0,2.0
36.0,0.0,0.0,676.0,0.0,1.0,3.0,4.0,3.0,1.0,35.0,3.0,2.0,3.0,2.0,0.0,5228.0,23361.0,0.0,0.0,15.0,3.0,1.0,1.0,10.0,2.0,3.0,9.0,7.0,0.0,5.0
29.0,0.0,0.0,1252.0,0.0,23.0,2.0,0.0,3.0,0.0,81.0,4.0,1.0,1.0,3.0,0.0,2700.0,23779.0,1.0,0.0,24.0,4.0,3.0,1.0,10.0,3.0,3.0,10.0,7.0,0.0,7.0
30.0,0.0,0.0,946.0,0.0,2.0,3.0,1.0,3.0,1.0,52.0,2.0,2.0,3.0,4.0,1.0,6877.0,20234.0,5.0,1.0,24.0,4.0,2.0,0.0,12.0,4.0,2.0,0.0,0.0,0.0,0.0
45.0,0.0,0.0,252.0,0.0,2.0,3.0,0.0,2.0,1.0,95.0,2.0,1.0,1.0,3.0,1.0,2274.0,6153.0,1.0,0.0,14.0,3.0,4.0,0.0,1.0,3.0,3.0,1.0,0.0,0.0,0.0
55.0,1.0,0.0,436.0,1.0,2.0,1.0,1.0,3.0,0.0,37.0,3.0,2.0,0.0,4.0,1.0,5160.0,21519.0,4.0,0.0,16.0,3.0,3.0,0.0,12.0,3.0,2.0,9.0,7.0,7.0,3.0
28.0,0.0,0.0,760.0,1.0,2.0,4.0,2.0,2.0,1.0,81.0,3.0,2.0,0.0,2.0,0.0,4779.0,3698.0,1.0,1.0,20.0,4.0,1.0,0.0,8.0,2.0,3.0,8.0,7.0,7.0,5.0
26.0,1.0,1.0,887.0,0.0,5.0,2.0,1.0,3.0,1.0,88.0,2.0,1.0,1.0,3.0,0.0,2366.0,20898.0,1.0,1.0,14.0,3.0,1.0,1.0,8.0,2.0,3.0,8.0,7.0,1.0,7.0
27.0,0.0,2.0,443.0,0.0,3.0,3.0,1.0,4.0,0.0,50.0,3.0,1.0,1.0,4.0,0.0,1706.0,16571.0,1.0,0.0,11.0,3.0,3.0,3.0,0.0,6.0,2.0,0.0,0.0,0.0,0.0
45.0,0.0,0.0,930.0,1.0,9.0,3.0,2.0,4.0,0.0,74.0,3.0,3.0,0.0,1.0,2.0,10761.0,19239.0,4.0,1.0,12.0,3.0,3.0,1.0,18.0,2.0,3.0,5.0,4.0,0.0,2.0
37.0,0.0,0.0,342.0,1.0,16.0,4.0,2.0,4.0,0.0,66.0,2.0,2.0,0.0,3.0,2.0,6334.0,24558.0,4.0,0.0,19.0,3.0,4.0,2.0,9.0,2.0,3.0,1.0,0.0,0.0,0.0
42.0,0.0,1.0,1271.0,0.0,2.0,1.0,1.0,2.0,0.0,35.0,3.0,1.0,1.0,4.0,1.0,2515.0,9068.0,5.0,1.0,14.0,3.0,4.0,0.0,8.0,2.0,3.0,2.0,1.0,2.0,2.0
35.0,0.0,0.0,607.0,0.0,9.0,3.0,0.0,4.0,1.0,66.0,2.0,3.0,3.0,3.0,0.0,10685.0,23457.0,1.0,1.0,20.0,4.0,2.0,1.0,17.0,2.0,3.0,17.0,14.0,5.0,15.0
53.0,0.0,0.0,102.0,0.0,23.0,4.0,0.0,4.0,1.0,72.0,3.0,4.0,7.0,4.0,1.0,14275.0,20206.0,6.0,0.0,18.0,3.0,3.0,0.0,33.0,0.0,3.0,12.0,9.0,3.0,8.0
50.0,0.0,2.0,881.0,0.0,2.0,4.0,0.0,1.0,0.0,98.0,3.0,4.0,5.0,1.0,2.0,17924.0,4544.0,1.0,0.0,11.0,3.0,4.0,1.0,31.0,3.0,3.0,31.0,6.0,14.0,7.0
29.0,0.0,0.0,1086.0,0.0,7.0,1.0,1.0,1.0,1.0,62.0,2.0,1.0,2.0,4.0,2.0,2532.0,6054.0,6.0,0.0,14.0,3.0,3.0,3.0,8.0,5.0,3.0,4.0,3.0,0.0,3.0
44.0,0.0,0.0,661.0,0.0,9.0,2.0,0.0,2.0,0.0,61.0,3.0,1.0,1.0,1.0,0.0,2559.0,7508.0,1.0,1.0,13.0,3.0,4.0,0.0,8.0,0.0,3.0,8.0,7.0,7.0,1.0
28.0,0.0,0.0,821.0,1.0,5.0,4.0,1.0,1.0,0.0,98.0,3.0,2.0,0.0,4.0,1.0,4908.0,24252.0,1.0,0.0,14.0,3.0,2.0,0.0,4.0,3.0,3.0,4.0,2.0,0.0,2.0
58.0,1.0,1.0,781.0,0.0,2.0,1.0,0.0,4.0,0.0,57.0,2.0,1.0,2.0,4.0,2.0,2380.0,13384.0,9.0,1.0,14.0,3.0,4.0,1.0,3.0,3.0,2.0,1.0,0.0,0.0,0.0
43.0,0.0,0.0,177.0,0.0,8.0,3.0,0.0,1.0,1.0,55.0,3.0,2.0,3.0,2.0,2.0,4765.0,23814.0,4.0,0.0,21.0,4.0,3.0,1.0,4.0,2.0,4.0,1.0,0.0,0.0,0.0
20.0,1.0,0.0,500.0,1.0,2.0,3.0,1.0,3.0,1.0,49.0,2.0,1.0,6.0,3.0,1.0,2044.0,22052.0,1.0,0.0,13.0,3.0,4.0,0.0,2.0,3.0,2.0,2.0,2.0,0.0,2.0
22.0,1.0,0.0,617.0,0.0,3.0,1.0,0.0,2.0,1.0,34.0,3.0,2.0,3.0,3.0,0.0,4171.0,10022.0,0.0,1.0,19.0,3.0,1.0,1.0,4.0,3.0,4.0,3.0,2.0,0.0,2.0
42.0,0.0,0.0,462.0,1.0,14.0,2.0,1.0,3.0,1.0,68.0,2.0,2.0,0.0,3.0,1.0,6244.0,7824.0,7.0,0.0,17.0,3.0,1.0,0.0,10.0,6.0,3.0,5.0,4.0,0.0,3.0
26.0,0.0,1.0,1283.0,1.0,1.0,3.0,1.0,3.0,0.0,52.0,2.0,2.0,0.0,1.0,1.0,4294.0,11148.0,1.0,0.0,12.0,3.0,2.0,0.0,7.0,2.0,3.0,7.0,7.0,0.0,7.0
41.0,0.0,0.0,263.0,0.0,6.0,3.0,1.0,4.0,0.0,59.0,3.0,1.0,2.0,1.0,1.0,4721.0,3119.0,2.0,1.0,13.0,3.0,3.0,0.0,20.0,3.0,3.0,18.0,13.0,2.0,17.0
20.0,1.0,0.0,129.0,0.0,4.0,3.0,3.0,1.0,0.0,84.0,3.0,1.0,2.0,1.0,1.0,2973.0,13008.0,1.0,0.0,19.0,3.0,2.0,0.0,1.0,2.0,3.0,1.0,0.0,0.0,0.0
58.0,1.0,0.0,289.0,0.0,2.0,3.0,3.0,4.0,0.0,51.0,3.0,1.0,1.0,3.0,1.0,2479.0,26227.0,4.0,0.0,24.0,4.0,1.0,0.0,7.0,4.0,3.0,1.0,0.0,0.0,0.0
38.0,0.0,2.0,152.0,1.0,10.0,3.0,3.0,3.0,1.0,85.0,3.0,2.0,0.0,4.0,1.0,5666.0,19899.0,1.0,1.0,13.0,3.0,2.0,0.0,6.0,1.0,3.0,5.0,3.0,1.0,3.0
36.0,0.0,2.0,1229.0,1.0,8.0,4.0,3.0,1.0,0.0,84.0,3.0,2.0,0.0,4.0,2.0,5079.0,25952.0,4.0,0.0,13.0,3.0,4.0,2.0,12.0,3.0,3.0,7.0,7.0,0.0,7.0
31.0,1.0,2.0,335.0,0.0,9.0,2.0,1.0,3.0,0.0,46.0,2.0,1.0,1.0,1.0,1.0,2321.0,10322.0,0.0,1.0,22.0,4.0,1.0,0.0,4.0,0.0,3.0,3.0,2.0,1.0,2.0
45.0,0.0,0.0,974.0,0.0,1.0,4.0,1.0,4.0,1.0,91.0,3.0,1.0,2.0,4.0,2.0,2270.0,11005.0,3.0,0.0,14.0,3.0,4.0,2.0,8.0,2.0,3.0,5.0,3.0,0.0,2.0
50.0,0.0,0.0,939.0,0.0,24.0,3.0,0.0,4.0,0.0,95.0,3.0,4.0,3.0,3.0,0.0,13973.0,4161.0,3.0,1.0,18.0,3.0,4.0,1.0,22.0,2.0,3.0,12.0,11.0,1.0,5.0
24.0,0.0,0.0,1206.0,0.0,17.0,1.0,1.0,4.0,1.0,41.0,2.0,2.0,3.0,3.0,2.0,4377.0,24117.0,1.0,0.0,15.0,3.0,2.0,2.0,5.0,6.0,3.0,4.0,2.0,3.0,2.0
54.0,0.0,0.0,1441.0,0.0,17.0,3.0,3.0,3.0,1.0,56.0,3.0,3.0,3.0,3.0,0.0,10739.0,13943.0,8.0,0.0,11.0,3.0,3.0,1.0,22.0,2.0,3.0,10.0,7.0,0.0,8.0
22.0,0.0,0.0,217.0,0.0,8.0,1.0,0.0,2.0,0.0,94.0,1.0,1.0,2.0,1.0,0.0,2451.0,6881.0,1.0,0.0,15.0,3.0,1.0,1.0,4.0,3.0,2.0,4.0,3.0,1.0,1.0
48.0,0.0,0.0,1355.0,0.0,4.0,4.0,0.0,3.0,0.0,78.0,2.0,3.0,4.0,3.0,1.0,10999.0,22245.0,7.0,0.0,14.0,3.0,2.0,0.0,27.0,3.0,3.0,15.0,11.0,4.0,8.0
35.0,0.0,0.0,802.0,0.0,10.0,3.0,4.0,2.0,0.0,45.0,3.0,1.0,2.0,4.0,2.0,3917.0,9541.0,1.0,0.0,20.0,4.0,1.0,1.0,3.0,4.0,2.0,3.0,2.0,1.0,2.0
59.0,0.0,0.0,715.0,0.0,2.0,3.0,0.0,3.0,1.0,69.0,2.0,4.0,3.0,4.0,1.0,13726.0,21829.0,3.0,1.0,13.0,3.0,1.0,0.0,30.0,4.0,3.0,5.0,3.0,4.0,3.0
37.0,1.0,0.0,1141.0,0.0,11.0,2.0,1.0,1.0,1.0,61.0,1.0,2.0,4.0,2.0,0.0,4777.0,14382.0,5.0,0.0,15.0,3.0,1.0,0.0,15.0,2.0,1.0,1.0,0.0,0.0,0.0
38.0,0.0,0.0,1035.0,1.0,3.0,4.0,0.0,2.0,0.0,42.0,3.0,2.0,0.0,4.0,1.0,6861.0,4981.0,8.0,1.0,12.0,3.0,3.0,0.0,19.0,1.0,3.0,1.0,0.0,0.0,0.0
26.0,1.0,2.0,265.0,1.0,29.0,2.0,1.0,2.0,0.0,79.0,1.0,2.0,0.0,1.0,1.0,4969.0,21813.0,8.0,0.0,18.0,3.0,4.0,0.0,7.0,6.0,3.0,2.0,2.0,2.0,2.0
33.0,0.0,2.0,1038.0,1.0,8.0,1.0,0.0,2.0,1.0,88.0,2.0,1.0,6.0,4.0,1.0,2342.0,21437.0,0.0,0.0,19.0,3.0,4.0,0.0,3.0,2.0,2.0,2.0,2.0,2.0,2.0
45.0,0.0,0.0,1234.0,1.0,11.0,2.0,0.0,4.0,1.0,90.0,3.0,4.0,5.0,4.0,0.0,17650.0,5404.0,3.0,0.0,13.0,3.0,2.0,1.0,26.0,4.0,4.0,9.0,3.0,1.0,1.0
32.0,0.0,2.0,1109.0,0.0,29.0,4.0,1.0,4.0,1.0,69.0,3.0,1.0,2.0,3.0,1.0,4025.0,11135.0,9.0,0.0,12.0,3.0,2.0,0.0,10.0,2.0,3.0,8.0,7.0,7.0,7.0
34.0,0.0,0.0,216.0,1.0,1.0,4.0,2.0,2.0,0.0,75.0,4.0,2.0,0.0,4.0,2.0,9725.0,12278.0,0.0,0.0,11.0,3.0,4.0,1.0,16.0,2.0,2.0,15.0,1.0,0.0,9.0
28.0,0.0,0.0,1144.0,1.0,10.0,1.0,1.0,4.0,0.0,74.0,3.0,1.0,6.0,2.0,0.0,1052.0,23384.0,1.0,0.0,22.0,4.0,2.0,0.0,1.0,5.0,3.0,1.0,0.0,0.0,0.0
50.0,0.0,0.0,1464.0,0.0,2.0,4.0,1.0,2.0,0.0,62.0,3.0,5.0,7.0,3.0,0.0,19237.0,12853.0,2.0,1.0,11.0,3.0,4.0,1.0,29.0,2.0,2.0,8.0,1.0,7.0,7.0
46.0,0.0,0.0,430.0,0.0,1.0,4.0,1.0,4.0,0.0,40.0,3.0,5.0,7.0,4.0,2.0,19627.0,21445.0,9.0,0.0,17.0,3.0,4.0,2.0,23.0,0.0,3.0,2.0,2.0,2.0,2.0
55.0,0.0,2.0,444.0,0.0,2.0,1.0,1.0,3.0,0.0,40.0,2.0,4.0,5.0,1.0,1.0,16756.0,17323.0,7.0,0.0,15.0,3.0,2.0,0.0,31.0,3.0,4.0,9.0,7.0,6.0,2.0
43.0,0.0,0.0,415.0,1.0,25.0,3.0,1.0,3.0,0.0,79.0,2.0,3.0,0.0,4.0,2.0,10798.0,5268.0,5.0,0.0,13.0,3.0,3.0,1.0,18.0,5.0,3.0,1.0,0.0,0.0,0.0
40.0,0.0,0.0,1492.0,0.0,20.0,4.0,3.0,1.0,0.0,61.0,3.0,3.0,4.0,4.0,0.0,10322.0,26542.0,4.0,0.0,20.0,4.0,4.0,1.0,14.0,6.0,3.0,11.0,10.0,11.0,1.0
27.0,0.0,2.0,1277.0,0.0,8.0,5.0,0.0,1.0,0.0,87.0,1.0,1.0,2.0,3.0,0.0,4621.0,5869.0,1.0,0.0,19.0,3.0,4.0,3.0,3.0,4.0,3.0,3.0,2.0,1.0,2.0
55.0,0.0,1.0,1091.0,0.0,2.0,1.0,0.0,4.0,0.0,65.0,3.0,3.0,3.0,2.0,0.0,10976.0,15813.0,3.0,0.0,18.0,3.0,2.0,1.0,23.0,4.0,3.0,3.0,2.0,1.0,2.0
33.0,1.0,1.0,827.0,0.0,29.0,4.0,1.0,1.0,1.0,54.0,2.0,2.0,1.0,3.0,1.0,4508.0,3129.0,1.0,0.0,22.0,4.0,2.0,0.0,14.0,4.0,3.0,13.0,7.0,3.0,8.0
25.0,1.0,0.0,1219.0,0.0,4.0,1.0,3.0,4.0,0.0,32.0,3.0,1.0,2.0,4.0,0.0,3691.0,4605.0,1.0,1.0,15.0,3.0,2.0,1.0,7.0,3.0,4.0,7.0,7.0,5.0,6.0
50.0,1.0,1.0,959.0,1.0,1.0,4.0,4.0,4.0,0.0,81.0,3.0,2.0,0.0,3.0,1.0,4728.0,17251.0,3.0,1.0,14.0,3.0,4.0,0.0,5.0,4.0,3.0,0.0,0.0,0.0,0.0
52.0,0.0,0.0,994.0,0.0,7.0,4.0,0.0,2.0,0.0,87.0,3.0,3.0,4.0,2.0,1.0,10445.0,15322.0,7.0,0.0,19.0,3.0,4.0,0.0,18.0,4.0,3.0,8.0,6.0,4.0,0.0
40.0,0.0,0.0,1308.0,0.0,14.0,3.0,1.0,3.0,0.0,44.0,2.0,5.0,7.0,3.0,1.0,19626.0,17544.0,1.0,0.0,14.0,3.0,1.0,0.0,21.0,2.0,4.0,20.0,7.0,4.0,9.0
21.0,0.0,0.0,984.0,0.0,1.0,1.0,3.0,4.0,1.0,70.0,2.0,1.0,1.0,2.0,1.0,2070.0,25326.0,1.0,1.0,11.0,3.0,3.0,0.0,2.0,6.0,4.0,2.0,2.0,2.0,2.0
39.0,0.0,2.0,439.0,0.0,9.0,3.0,0.0,3.0,0.0,70.0,3.0,2.0,2.0,2.0,1.0,6782.0,8770.0,9.0,0.0,15.0,3.0,3.0,0.0,9.0,2.0,2.0,5.0,4.0,0.0,3.0
36.0,0.0,2.0,217.0,0.0,18.0,4.0,0.0,1.0,0.0,78.0,3.0,2.0,3.0,4.0,1.0,7779.0,23238.0,2.0,0.0,20.0,4.0,1.0,0.0,18.0,0.0,3.0,11.0,9.0,0.0,9.0
28.0,0.0,0.0,1451.0,0.0,2.0,1.0,0.0,1.0,0.0,67.0,2.0,1.0,1.0,2.0,0.0,3201.0,19911.0,0.0,0.0,17.0,3.0,1.0,0.0,6.0,2.0,1.0,5.0,3.0,0.0,4.0
34.0,0.0,1.0,1003.0,0.0,2.0,2.0,0.0,4.0,0.0,95.0,3.0,2.0,3.0,3.0,1.0,4033.0,15834.0,2.0,0.0,11.0,3.0,4.0,0.0,5.0,3.0,2.0,3.0,2.0,0.0,2.0
28.0,0.0,1.0,773.0,0.0,6.0,3.0,0.0,3.0,0.0,39.0,2.0,1.0,1.0,3.0,2.0,2703.0,22088.0,1.0,1.0,14.0,3.0,4.0,1.0,3.0,2.0,3.0,3.0,1.0,0.0,2.0
18.0,1.0,2.0,247.0,0.0,8.0,1.0,1.0,3.0,0.0,80.0,3.0,1.0,2.0,3.0,1.0,1904.0,13556.0,1.0,0.0,12.0,3.0,4.0,0.0,0.0,0.0,3.0,0.0,0.0,0.0,0.0
41.0,0.0,0.0,167.0,0.0,12.0,4.0,0.0,2.0,0.0,46.0,3.0,1.0,2.0,4.0,0.0,4766.0,9051.0,3.0,1.0,11.0,3.0,1.0,1.0,6.0,4.0,3.0,1.0,0.0,0.0,0.0
27.0,0.0,0.0,199.0,0.0,6.0,3.0,0.0,4.0,0.0,55.0,2.0,1.0,1.0,3.0,0.0,2539.0,7950.0,1.0,0.0,13.0,3.0,3.0,1.0,4.0,0.0,3.0,4.0,2.0,2.0,2.0
24.0,0.0,0.0,477.0,0.0,24.0,3.0,1.0,4.0,0.0,49.0,3.0,1.0,2.0,2.0,1.0,3597.0,6409.0,8.0,0.0,22.0,4.0,4.0,0.0,6.0,2.0,3.0,4.0,3.0,1.0,2.0
28.0,1.0,0.0,1485.0,0.0,12.0,1.0,0.0,3.0,1.0,79.0,3.0,1.0,2.0,4.0,0.0,2515.0,22955.0,1.0,1.0,11.0,3.0,4.0,0.0,1.0,4.0,2.0,1.0,1.0,0.0,0.0
30.0,0.0,0.0,852.0,1.0,10.0,3.0,2.0,3.0,0.0,72.0,2.0,2.0,0.0,3.0,0.0,6578.0,2706.0,1.0,0.0,18.0,3.0,1.0,1.0,10.0,3.0,3.0,10.0,3.0,1.0,4.0
40.0,0.0,1.0,902.0,0.0,26.0,2.0,1.0,3.0,1.0,92.0,2.0,2.0,1.0,4.0,0.0,4422.0,21203.0,3.0,1.0,13.0,3.0,4.0,1.0,16.0,3.0,1.0,1.0,1.0,0.0,0.0
37.0,0.0,0.0,977.0,0.0,1.0,3.0,0.0,4.0,1.0,56.0,2.0,2.0,3.0,4.0,0.0,6474.0,9961.0,1.0,0.0,13.0,3.0,2.0,1.0,14.0,2.0,2.0,14.0,8.0,3.0,11.0
29.0,0.0,0.0,942.0,0.0,15.0,1.0,0.0,2.0,1.0,69.0,1.0,1.0,1.0,4.0,0.0,2168.0,26933.0,0.0,1.0,18.0,3.0,1.0,1.0,6.0,2.0,2.0,5.0,4.0,1.0,3.0
30.0,0.0,0.0,1329.0,1.0,29.0,4.0,0.0,3.0,0.0,61.0,3.0,2.0,0.0,1.0,2.0,4115.0,13192.0,8.0,0.0,19.0,3.0,3.0,3.0,8.0,3.0,3.0,4.0,3.0,0.0,3.0
28.0,0.0,0.0,1179.0,0.0,19.0,4.0,1.0,4.0,0.0,78.0,2.0,1.0,2.0,1.0,0.0,3196.0,12449.0,1.0,0.0,12.0,3.0,3.0,3.0,6.0,2.0,3.0,6.0,5.0,3.0,3.0
35.0,0.0,0.0,1361.0,1.0,17.0,4.0,0.0,3.0,0.0,94.0,3.0,2.0,0.0,1.0,0.0,8966.0,21026.0,3.0,1.0,15.0,3.0,4.0,3.0,15.0,2.0,3.0,7.0,7.0,1.0,7.0
44.0,0.0,0.0,200.0,0.0,29.0,4.0,4.0,4.0,0.0,32.0,3.0,2.0,1.0,4.0,1.0,4541.0,7744.0,1.0,0.0,25.0,4.0,2.0,0.0,20.0,3.0,3.0,20.0,11.0,13.0,17.0
60.0,0.0,0.0,696.0,1.0,7.0,4.0,2.0,2.0,0.0,52.0,4.0,2.0,0.0,4.0,2.0,5220.0,10893.0,0.0,1.0,18.0,3.0,2.0,1.0,12.0,3.0,3.0,11.0,7.0,1.0,9.0
32.0,0.0,1.0,116.0,0.0,13.0,3.0,4.0,3.0,1.0,77.0,2.0,1.0,2.0,2.0,0.0,2743.0,7331.0,1.0,0.0,20.0,4.0,3.0,1.0,2.0,2.0,3.0,2.0,2.0,2.0,2.0
36.0,0.0,0.0,363.0,0.0,1.0,3.0,3.0,3.0,1.0,77.0,1.0,3.0,3.0,1.0,2.0,10252.0,4235.0,2.0,1.0,21.0,4.0,3.0,1.0,17.0,2.0,3.0,7.0,7.0,7.0,7.0
33.0,0.0,0.0,117.0,0.0,9.0,3.0,1.0,1.0,0.0,60.0,3.0,1.0,1.0,4.0,0.0,2781.0,6311.0,0.0,0.0,13.0,3.0,2.0,1.0,15.0,5.0,3.0,14.0,10.0,4.0,10.0
54.0,0.0,1.0,966.0,0.0,1.0,4.0,0.0,4.0,1.0,53.0,3.0,3.0,3.0,3.0,2.0,10502.0,9659.0,7.0,0.0,17.0,3.0,1.0,1.0,33.0,2.0,1.0,5.0,4.0,1.0,4.0
59.0,0.0,0.0,326.0,1.0,3.0,3.0,0.0,3.0,1.0,48.0,2.0,2.0,0.0,4.0,1.0,5171.0,16490.0,5.0,0.0,17.0,3.0,4.0,0.0,13.0,2.0,3.0,6.0,1.0,0.0,5.0
36.0,0.0,1.0,469.0,0.0,3.0,3.0,3.0,3.0,0.0,46.0,3.0,1.0,1.0,2.0,0.0,3692.0,9256.0,1.0,0.0,12.0,3.0,3.0,0.0,12.0,2.0,2.0,11.0,10.0,0.0,7.0
27.0,0.0,0.0,1167.0,0.0,4.0,2.0,0.0,1.0,0.0,76.0,3.0,1.0,1.0,3.0,2.0,2517.0,3208.0,1.0,0.0,11.0,3.0,2.0,3.0,5.0,2.0,3.0,5.0,3.0,0.0,3.0
45.0,1.0,0.0,1449.0,1.0,2.0,3.0,2.0,1.0,1.0,94.0,1.0,5.0,5.0,2.0,1.0,18824.0,2493.0,2.0,1.0,16.0,3.0,1.0,0.0,26.0,2.0,3.0,24.0,10.0,1.0,11.0
34.0,0.0,0.0,131.0,1.0,2.0,3.0,2.0,3.0,1.0,86.0,3.0,2.0,0.0,1.0,1.0,4538.0,6039.0,0.0,1.0,12.0,3.0,4.0,0.0,4.0,3.0,3.0,3.0,2.0,0.0,2.0
59.0,0.0,0.0,1429.0,0.0,18.0,4.0,1.0,4.0,0.0,67.0,3.0,3.0,3.0,4.0,1.0,10512.0,20002.0,6.0,0.0,12.0,3.0,4.0,0.0,25.0,6.0,2.0,9.0,7.0,5.0,4.0
34.0,0.0,1.0,648.0,2.0,11.0,3.0,0.0,3.0,0.0,56.0,2.0,2.0,8.0,2.0,0.0,4490.0,21833.0,4.0,0.0,11.0,3.0,4.0,2.0,14.0,5.0,4.0,10.0,9.0,1.0,8.0
43.0,0.0,0.0,531.0,1.0,4.0,4.0,2.0,4.0,1.0,56.0,2.0,3.0,0.0,4.0,1.0,10231.0,20364.0,3.0,0.0,14.0,3.0,4.0,0.0,23.0,3.0,4.0,21.0,7.0,15.0,17.0
36.0,0.0,0.0,429.0,0.0,2.0,4.0,0.0,3.0,1.0,53.0,3.0,2.0,3.0,2.0,1.0,5410.0,2323.0,9.0,1.0,11.0,3.0,4.0,0.0,18.0,2.0,3.0,16.0,14.0,5.0,12.0
51.0,0.0,1.0,968.0,0.0,6.0,2.0,1.0,2.0,1.0,40.0,2.0,1.0,2.0,3.0,1.0,2838.0,4257.0,0.0,0.0,14.0,3.0,2.0,0.0,8.0,6.0,2.0,7.0,0.0,7.0,7.0
30.0,0.0,2.0,879.0,0.0,9.0,2.0,1.0,3.0,1.0,72.0,3.0,2.0,3.0,3.0,1.0,4695.0,12858.0,7.0,1.0,18.0,3.0,3.0,0.0,10.0,3.0,3.0,8.0,4.0,1.0,7.0
25.0,0.0,0.0,266.0,0.0,1.0,3.0,1.0,4.0,1.0,40.0,3.0,1.0,1.0,2.0,1.0,2096.0,18830.0,1.0,0.0,18.0,3.0,4.0,0.0,2.0,3.0,2.0,2.0,2.0,2.0,1.0
58.0,0.0,0.0,848.0,0.0,23.0,4.0,0.0,1.0,0.0,88.0,3.0,1.0,1.0,3.0,2.0,2372.0,26076.0,1.0,0.0,12.0,3.0,4.0,2.0,2.0,3.0,3.0,2.0,2.0,2.0,2.0
36.0,0.0,0.0,325.0,0.0,10.0,4.0,3.0,4.0,1.0,63.0,3.0,3.0,4.0,3.0,0.0,7094.0,5747.0,3.0,0.0,12.0,3.0,1.0,0.0,10.0,0.0,3.0,7.0,7.0,1.0,7.0
52.0,1.0,0.0,1030.0,1.0,5.0,3.0,0.0,2.0,0.0,64.0,3.0,3.0,0.0,2.0,1.0,8446.0,21534.0,9.0,1.0,19.0,3.0,3.0,0.0,10.0,2.0,2.0,8.0,7.0,7.0,7.0
31.0,0.0,2.0,587.0,1.0,2.0,4.0,0.0,4.0,1.0,57.0,3.0,3.0,0.0,3.0,2.0,9852.0,8935.0,1.0,1.0,19.0,3.0,1.0,1.0,10.0,5.0,2.0,10.0,8.0,9.0,6.0
44.0,1.0,0.0,935.0,0.0,3.0,3.0,0.0,1.0,0.0,89.0,3.0,1.0,2.0,1.0,0.0,2362.0,14669.0,4.0,0.0,12.0,3.0,3.0,0.0,10.0,4.0,4.0,3.0,2.0,1.0,2.0
34.0,0.0,0.0,943.0,0.0,9.0,3.0,0.0,4.0,0.0,86.0,3.0,3.0,4.0,4.0,2.0,8500.0,5494.0,0.0,0.0,11.0,3.0,4.0,1.0,10.0,0.0,2.0,9.0,7.0,1.0,6.0
40.0,0.0,0.0,523.0,0.0,2.0,3.0,0.0,3.0,0.0,98.0,3.0,2.0,1.0,4.0,1.0,4661.0,22455.0,1.0,0.0,13.0,3.0,3.0,0.0,9.0,4.0,3.0,9.0,8.0,8.0,8.0
34.0,0.0,0.0,507.0,1.0,15.0,2.0,1.0,3.0,1.0,66.0,3.0,2.0,0.0,1.0,1.0,6125.0,23553.0,1.0,0.0,12.0,3.0,4.0,0.0,10.0,6.0,4.0,10.0,8.0,9.0,6.0
36.0,0.0,1.0,607.0,1.0,7.0,3.0,2.0,1.0,1.0,83.0,4.0,2.0,0.0,1.0,0.0,4639.0,2261.0,2.0,0.0,16.0,3.0,4.0,1.0,17.0,2.0,2.0,15.0,7.0,6.0,13.0
27.0,0.0,1.0,793.0,1.0,2.0,1.0,0.0,4.0,0.0,43.0,1.0,2.0,0.0,4.0,1.0,5071.0,20392.0,3.0,0.0,20.0,4.0,2.0,0.0,8.0,3.0,3.0,6.0,2.0,0.0,0.0
31.0,1.0,1.0,703.0,1.0,2.0,3.0,0.0,3.0,1.0,90.0,2.0,1.0,6.0,4.0,1.0,2785.0,11882.0,7.0,0.0,14.0,3.0,3.0,0.0,3.0,3.0,4.0,1.0,0.0,0.0,0.0
34.0,0.0,0.0,404.0,0.0,2.0,4.0,3.0,3.0,1.0,98.0,3.0,2.0,4.0,4.0,1.0,6687.0,6163.0,1.0,0.0,11.0,3.0,4.0,0.0,14.0,2.0,4.0,14.0,11.0,4.0,11.0
51.0,0.0,1.0,541.0,1.0,2.0,3.0,2.0,2.0,0.0,52.0,3.0,3.0,0.0,2.0,0.0,10596.0,15395.0,2.0,0.0,11.0,3.0,2.0,0.0,14.0,5.0,3.0,4.0,2.0,3.0,2.0
26.0,0.0,0.0,683.0,0.0,2.0,1.0,1.0,1.0,0.0,36.0,2.0,1.0,1.0,4.0,1.0,3904.0,4050.0,0.0,0.0,12.0,3.0,4.0,0.0,5.0,2.0,3.0,4.0,3.0,1.0,1.0
42.0,0.0,0.0,1147.0,2.0,10.0,3.0,5.0,3.0,1.0,31.0,3.0,4.0,5.0,1.0,0.0,16799.0,16616.0,0.0,0.0,14.0,3.0,3.0,1.0,21.0,5.0,3.0,20.0,7.0,0.0,9.0
49.0,1.0,1.0,1475.0,0.0,28.0,2.0,0.0,1.0,0.0,97.0,2.0,2.0,2.0,1.0,1.0,4284.0,22710.0,3.0,0.0,20.0,4.0,1.0,0.0,20.0,2.0,3.0,4.0,3.0,1.0,3.0
29.0,1.0,1.0,337.0,0.0,14.0,1.0,4.0,3.0,1.0,84.0,3.0,3.0,4.0,4.0,1.0,7553.0,22930.0,0.0,1.0,12.0,3.0,1.0,0.0,9.0,1.0,3.0,8.0,7.0,7.0,7.0
54.0,0.0,0.0,971.0,0.0,1.0,3.0,1.0,4.0,1.0,54.0,3.0,4.0,7.0,4.0,1.0,17328.0,5652.0,6.0,0.0,19.0,3.0,4.0,0.0,29.0,3.0,2.0,20.0,7.0,12.0,7.0
55.0,0.0,0.0,1136.0,0.0,1.0,4.0,1.0,2.0,0.0,81.0,4.0,4.0,7.0,4.0,2.0,14732.0,12414.0,2.0,0.0,13.0,3.0,4.0,2.0,31.0,4.0,4.0,7.0,7.0,0.0,0.0
36.0,0.0,0.0,1174.0,1.0,3.0,4.0,2.0,1.0,1.0,99.0,3.0,2.0,0.0,2.0,1.0,9278.0,20763.0,3.0,1.0,16.0,3.0,4.0,0.0,15.0,3.0,3.0,5.0,4.0,0.0,1.0
31.0,0.0,0.0,182.0,0.0,8.0,5.0,0.0,1.0,1.0,93.0,3.0,4.0,7.0,2.0,1.0,16422.0,8847.0,3.0,0.0,11.0,3.0,3.0,0.0,9.0,3.0,4.0,3.0,2.0,1.0,0.0
36.0,0.0,0.0,172.0,0.0,4.0,4.0,0.0,1.0,0.0,37.0,2.0,2.0,2.0,4.0,1.0,5810.0,22604.0,1.0,0.0,16.0,3.0,3.0,0.0,10.0,2.0,2.0,10.0,4.0,1.0,8.0
47.0,0.0,0.0,359.0,0.0,2.0,4.0,1.0,1.0,1.0,82.0,3.0,4.0,7.0,3.0,0.0,17169.0,26703.0,3.0,0.0,19.0,3.0,2.0,2.0,26.0,2.0,4.0,20.0,17.0,5.0,6.0
32.0,0.0,0.0,601.0,1.0,7.0,5.0,2.0,4.0,0.0,97.0,3.0,2.0,0.0,4.0,0.0,9204.0,23343.0,4.0,0.0,12.0,3.0,3.0,1.0,7.0,3.0,2.0,4.0,3.0,0.0,3.0
34.0,0.0,0.0,401.0,0.0,1.0,3.0,0.0,4.0,1.0,86.0,2.0,1.0,2.0,2.0,0.0,3294.0,3708.0,5.0,0.0,17.0,3.0,1.0,1.0,7.0,2.0,2.0,5.0,4.0,0.0,2.0
40.0,0.0,2.0,663.0,0.0,9.0,4.0,4.0,3.0,0.0,81.0,3.0,2.0,2.0,3.0,2.0,3975.0,23099.0,3.0,0.0,11.0,3.0,3.0,2.0,11.0,2.0,4.0,8.0,7.0,0.0,7.0
31.0,0.0,0.0,326.0,1.0,8.0,2.0,0.0,1.0,0.0,31.0,3.0,3.0,0.0,4.0,2.0,10793.0,8386.0,1.0,0.0,18.0,3.0,1.0,1.0,13.0,5.0,3.0,13.0,7.0,9.0,9.0
39.0,1.0,2.0,592.0,0.0,2.0,3.0,0.0,1.0,1.0,54.0,2.0,1.0,2.0,1.0,1.0,3646.0,17181.0,2.0,1.0,23.0,4.0,2.0,0.0,11.0,2.0,4.0,1.0,0.0,0.0,0.0
31.0,1.0,1.0,1445.0,0.0,1.0,5.0,0.0,3.0,1.0,100.0,4.0,3.0,3.0,2.0,1.0,7446.0,8931.0,1.0,0.0,11.0,3.0,1.0,0.0,10.0,2.0,3.0,10.0,8.0,4.0,7.0
48.0,0.0,0.0,1221.0,1.0,7.0,3.0,2.0,3.0,0.0,96.0,3.0,2.0,0.0,1.0,2.0,5486.0,24795.0,4.0,0.0,11.0,3.0,1.0,3.0,15.0,3.0,3.0,2.0,2.0,2.0,2.0
40.0,0.0,2.0,218.0,0.0,8.0,1.0,1.0,4.0,0.0,55.0,2.0,3.0,7.0,2.0,2.0,13757.0,25178.0,2.0,0.0,11.0,3.0,3.0,1.0,16.0,5.0,3.0,9.0,8.0,4.0,8.0
28.0,0.0,0.0,866.0,1.0,5.0,3.0,1.0,4.0,0.0,84.0,3.0,2.0,0.0,1.0,1.0,8463.0,23490.0,0.0,0.0,18.0,3.0,4.0,0.0,6.0,4.0,3.0,5.0,4.0,1.0,3.0
44.0,0.0,2.0,981.0,0.0,5.0,3.0,0.0,3.0,0.0,90.0,2.0,1.0,2.0,3.0,1.0,3162.0,7973.0,3.0,0.0,14.0,3.0,4.0,0.0,7.0,5.0,3.0,5.0,2.0,0.0,3.0
42.0,0.0,1.0,748.0,0.0,9.0,2.0,1.0,1.0,1.0,74.0,3.0,1.0,2.0,4.0,1.0,3673.0,16458.0,1.0,0.0,13.0,3.0,3.0,0.0,12.0,3.0,3.0,12.0,9.0,5.0,8.0
28.0,1.0,1.0,1496.0,1.0,1.0,3.0,3.0,1.0,0.0,92.0,3.0,1.0,6.0,3.0,0.0,2909.0,15747.0,3.0,0.0,15.0,3.0,4.0,1.0,5.0,3.0,4.0,3.0,2.0,1.0,2.0
34.0,1.0,0.0,790.0,1.0,24.0,4.0,1.0,1.0,1.0,40.0,2.0,2.0,0.0,2.0,1.0,4599.0,7815.0,0.0,1.0,23.0,4.0,3.0,0.0,16.0,2.0,4.0,15.0,9.0,10.0,10.0
44.0,0.0,1.0,1193.0,0.0,2.0,1.0,1.0,2.0,0.0,86.0,3.0,3.0,3.0,3.0,1.0,10209.0,19719.0,5.0,1.0,18.0,3.0,2.0,0.0,16.0,2.0,2.0,2.0,2.0,2.0,2.0
29.0,0.0,0.0,1246.0,1.0,19.0,3.0,0.0,3.0,0.0,77.0,2.0,2.0,0.0,3.0,2.0,8620.0,23757.0,1.0,0.0,14.0,3.0,3.0,2.0,10.0,3.0,3.0,10.0,7.0,0.0,4.0
55.0,0.0,0.0,1229.0,0.0,4.0,4.0,0.0,4.0,0.0,30.0,3.0,2.0,4.0,3.0,0.0,4035.0,16143.0,0.0,1.0,16.0,3.0,2.0,0.0,4.0,2.0,3.0,3.0,2.0,1.0,2.0
47.0,0.0,0.0,571.0,1.0,14.0,3.0,1.0,3.0,1.0,78.0,3.0,2.0,0.0,3.0,0.0,4591.0,24200.0,3.0,1.0,17.0,3.0,3.0,1.0,11.0,4.0,2.0,5.0,4.0,1.0,2.0
32.0,0.0,0.0,495.0,0.0,10.0,3.0,1.0,3.0,0.0,64.0,3.0,3.0,5.0,4.0,1.0,11244.0,21072.0,2.0,0.0,25.0,4.0,2.0,0.0,10.0,5.0,4.0,5.0,2.0,0.0,0.0
35.0,0.0,0.0,1029.0,0.0,16.0,3.0,0.0,4.0,1.0,91.0,2.0,3.0,4.0,2.0,1.0,8606.0,21195.0,1.0,0.0,19.0,3.0,4.0,0.0,11.0,3.0,1.0,11.0,8.0,3.0,3.0
34.0,0.0,0.0,1440.0,1.0,7.0,2.0,3.0,2.0,0.0,55.0,3.0,1.0,6.0,3.0,0.0,2308.0,4944.0,0.0,1.0,25.0,4.0,2.0,1.0,12.0,4.0,3.0,11.0,10.0,5.0,7.0
37.0,0.0,0.0,674.0,0.0,13.0,3.0,1.0,1.0,0.0,47.0,3.0,2.0,1.0,4.0,0.0,4285.0,3031.0,1.0,0.0,17.0,3.0,1.0,0.0,10.0,2.0,3.0,10.0,8.0,3.0,7.0
29.0,0.0,0.0,441.0,0.0,8.0,1.0,4.0,3.0,1.0,39.0,1.0,2.0,4.0,1.0,0.0,9715.0,7288.0,3.0,0.0,13.0,3.0,3.0,1.0,9.0,3.0,3.0,7.0,7.0,0.0,7.0
33.0,0.0,0.0,589.0,0.0,28.0,4.0,0.0,2.0,0.0,79.0,3.0,2.0,2.0,3.0,0.0,5207.0,22949.0,1.0,1.0,12.0,3.0,2.0,1.0,15.0,3.0,3.0,15.0,14.0,5.0,7.0
40.0,0.0,0.0,898.0,2.0,6.0,2.0,1.0,3.0,0.0,38.0,3.0,4.0,5.0,4.0,1.0,16437.0,17381.0,1.0,1.0,21.0,4.0,4.0,0.0,21.0,2.0,3.0,21.0,7.0,7.0,7.0
24.0,0.0,0.0,350.0,0.0,21.0,2.0,3.0,3.0,0.0,57.0,2.0,1.0,2.0,1.0,2.0,2296.0,10036.0,0.0,0.0,14.0,3.0,2.0,3.0,2.0,3.0,3.0,1.0,1.0,0.0,0.0
32.0,0.0,0.0,824.0,0.0,5.0,2.0,0.0,4.0,1.0,67.0,2.0,2.0,1.0,2.0,0.0,5878.0,15624.0,3.0,0.0,12.0,3.0,1.0,1.0,12.0,2.0,3.0,7.0,1.0,2.0,5.0
48.0,0.0,0.0,492.0,1.0,16.0,4.0,0.0,3.0,1.0,96.0,3.0,2.0,0.0,3.0,2.0,6439.0,13693.0,8.0,0.0,14.0,3.0,3.0,1.0,18.0,2.0,3.0,8.0,7.0,7.0,7.0
30.0,1.0,0.0,740.0,1.0,1.0,3.0,0.0,2.0,0.0,64.0,2.0,2.0,0.0,1.0,0.0,9714.0,5323.0,1.0,0.0,11.0,3.0,4.0,1.0,10.0,4.0,3.0,10.0,8.0,6.0,7.0
38.0,0.0,1.0,888.0,2.0,10.0,4.0,5.0,3.0,0.0,71.0,3.0,2.0,8.0,3.0,0.0,6077.0,14814.0,3.0,0.0,11.0,3.0,3.0,0.0,10.0,2.0,3.0,6.0,3.0,1.0,2.0
35.0,1.0,0.0,104.0,0.0,2.0,3.0,0.0,1.0,1.0,69.0,3.0,1.0,2.0,1.0,2.0,2074.0,26619.0,1.0,1.0,12.0,3.0,4.0,1.0,1.0,2.0,3.0,1.0,0.0,0.0,0.0
53.0,1.0,0.0,607.0,0.0,2.0,5.0,3.0,3.0,1.0,78.0,2.0,3.0,3.0,4.0,0.0,10169.0,14618.0,0.0,0.0,16.0,3.0,2.0,1.0,34.0,4.0,3.0,33.0,7.0,1.0,9.0
48.0,0.0,0.0,1108.0,0.0,15.0,4.0,4.0,3.0,1.0,65.0,3.0,1.0,1.0,1.0,0.0,2367.0,16530.0,8.0,0.0,12.0,3.0,4.0,1.0,10.0,3.0,2.0,8.0,2.0,7.0,6.0
34.0,0.0,0.0,1351.0,0.0,1.0,4.0,0.0,2.0,0.0,45.0,3.0,2.0,1.0,4.0,0.0,5484.0,13008.0,9.0,0.0,17.0,3.0,2.0,1.0,9.0,3.0,2.0,2.0,2.0,2.0,1.0
35.0,0.0,0.0,670.0,0.0,10.0,4.0,1.0,1.0,1.0,51.0,3.0,2.0,4.0,3.0,1.0,6142.0,4223.0,3.0,1.0,16.0,3.0,3.0,0.0,10.0,4.0,3.0,5.0,2.0,0.0,4.0
23.0,0.0,0.0,977.0,0.0,10.0,3.0,3.0,4.0,0.0,45.0,4.0,1.0,1.0,3.0,0.0,2073.0,12826.0,2.0,0.0,16.0,3.0,4.0,1.0,4.0,2.0,3.0,2.0,2.0,2.0,2.0
43.0,0.0,0.0,990.0,0.0,27.0,3.0,3.0,4.0,0.0,87.0,4.0,1.0,2.0,2.0,2.0,4876.0,5855.0,5.0,0.0,12.0,3.0,3.0,1.0,8.0,0.0,3.0,6.0,4.0,0.0,2.0
35.0,0.0,0.0,1349.0,0.0,7.0,2.0,0.0,3.0,0.0,63.0,2.0,1.0,2.0,4.0,0.0,2690.0,7713.0,1.0,0.0,18.0,3.0,4.0,1.0,1.0,5.0,2.0,1.0,0.0,0.0,1.0
22.0,0.0,2.0,457.0,0.0,26.0,2.0,4.0,2.0,1.0,85.0,2.0,1.0,1.0,3.0,0.0,2814.0,10293.0,1.0,1.0,14.0,3.0,2.0,0.0,4.0,2.0,2.0,4.0,2.0,1.0,3.0
31.0,0.0,1.0,715.0,1.0,2.0,4.0,4.0,4.0,0.0,54.0,3.0,2.0,0.0,1.0,1.0,5332.0,21602.0,7.0,0.0,13.0,3.0,4.0,0.0,10.0,3.0,3.0,5.0,2.0,0.0,3.0
28.0,0.0,0.0,580.0,0.0,27.0,3.0,1.0,2.0,1.0,39.0,1.0,2.0,3.0,1.0,2.0,4877.0,20460.0,0.0,0.0,21.0,4.0,2.0,1.0,6.0,5.0,2.0,5.0,3.0,0.0,0.0
37.0,0.0,0.0,671.0,0.0,19.0,3.0,0.0,3.0,0.0,85.0,3.0,2.0,3.0,3.0,0.0,5768.0,26493.0,3.0,0.0,17.0,3.0,1.0,3.0,9.0,2.0,2.0,4.0,3.0,0.0,2.0
38.0,0.0,0.0,397.0,0.0,2.0,2.0,1.0,4.0,1.0,54.0,2.0,3.0,3.0,3.0,0.0,7756.0,14199.0,3.0,1.0,19.0,3.0,4.0,1.0,10.0,6.0,4.0,5.0,4.0,0.0,2.0
40.0,0.0,0.0,448.0,0.0,16.0,3.0,0.0,3.0,1.0,84.0,3.0,3.0,3.0,4.0,1.0,7945.0,19948.0,6.0,1.0,15.0,3.0,4.0,0.0,18.0,2.0,2.0,4.0,2.0,3.0,3.0
48.0,0.0,1.0,365.0,0.0,4.0,5.0,1.0,3.0,0.0,89.0,2.0,4.0,5.0,4.0,0.0,15202.0,5602.0,2.0,0.0,25.0,4.0,2.0,1.0,23.0,3.0,3.0,2.0,2.0,2.0,2.0
35.0,1.0,0.0,763.0,1.0,15.0,2.0,1.0,1.0,0.0,59.0,1.0,2.0,0.0,4.0,2.0,5440.0,22098.0,6.0,1.0,14.0,3.0,4.0,2.0,7.0,2.0,2.0,2.0,2.0,2.0,2.0
27.0,0.0,1.0,591.0,0.0,2.0,3.0,1.0,4.0,0.0,87.0,3.0,1.0,1.0,4.0,1.0,2580.0,6297.0,2.0,0.0,13.0,3.0,3.0,0.0,6.0,0.0,2.0,4.0,2.0,1.0,2.0
29.0,0.0,0.0,469.0,1.0,10.0,3.0,1.0,3.0,0.0,42.0,2.0,2.0,0.0,3.0,1.0,5869.0,23413.0,9.0,0.0,11.0,3.0,3.0,0.0,8.0,2.0,3.0,5.0,2.0,1.0,4.0
49.0,0.0,0.0,301.0,0.0,22.0,4.0,4.0,1.0,1.0,72.0,3.0,4.0,7.0,2.0,0.0,16413.0,3498.0,3.0,0.0,16.0,3.0,2.0,2.0,27.0,2.0,3.0,4.0,2.0,1.0,2.0
36.0,0.0,0.0,311.0,0.0,7.0,3.0,0.0,1.0,0.0,77.0,3.0,1.0,2.0,2.0,1.0,2013.0,10950.0,2.0,0.0,11.0,3.0,3.0,0.0,15.0,4.0,3.0,4.0,3.0,1.0,3.0
36.0,0.0,2.0,894.0,0.0,1.0,4.0,1.0,4.0,1.0,33.0,2.0,2.0,3.0,3.0,0.0,4374.0,15411.0,0.0,0.0,15.0,3.0,3.0,0.0,4.0,6.0,3.0,3.0,2.0,1.0,2.0
36.0,0.0,0.0,1040.0,0.0,3.0,2.0,0.0,4.0,0.0,79.0,4.0,2.0,4.0,1.0,2.0,6842.0,26308.0,6.0,0.0,20.0,4.0,1.0,1.0,13.0,3.0,3.0,5.0,4.0,0.0,4.0
32.0,0.0,0.0,977.0,0.0,2.0,3.0,1.0,4.0,0.0,45.0,3.0,2.0,1.0,2.0,2.0,5470.0,25518.0,0.0,0.0,13.0,3.0,3.0,2.0,10.0,4.0,2.0,9.0,5.0,1.0,6.0
47.0,0.0,0.0,1225.0,1.0,2.0,4.0,0.0,2.0,1.0,47.0,4.0,4.0,5.0,2.0,2.0,15972.0,21086.0,6.0,0.0,14.0,3.0,3.0,3.0,29.0,2.0,3.0,3.0,2.0,1.0,2.0
49.0,0.0,0.0,809.0,0.0,1.0,3.0,0.0,3.0,0.0,36.0,3.0,4.0,5.0,3.0,1.0,15379.0,22384.0,4.0,0.0,14.0,3.0,1.0,0.0,23.0,2.0,3.0,8.0,7.0,0.0,0.0
33.0,0.0,2.0,530.0,1.0,16.0,3.0,0.0,3.0,1.0,36.0,3.0,2.0,0.0,4.0,2.0,5368.0,16130.0,1.0,1.0,25.0,4.0,3.0,1.0,7.0,2.0,3.0,6.0,5.0,1.0,2.0
44.0,0.0,0.0,528.0,2.0,1.0,3.0,0.0,3.0,1.0,44.0,3.0,1.0,8.0,4.0,2.0,3195.0,4167.0,4.0,1.0,18.0,3.0,1.0,3.0,8.0,2.0,3.0,2.0,2.0,2.0,2.0
34.0,0.0,0.0,678.0,0.0,19.0,3.0,0.0,2.0,1.0,35.0,2.0,1.0,1.0,4.0,0.0,2929.0,20338.0,1.0,0.0,12.0,3.0,2.0,0.0,10.0,3.0,3.0,10.0,9.0,8.0,7.0
41.0,0.0,0.0,918.0,1.0,6.0,3.0,2.0,4.0,0.0,35.0,3.0,3.0,0.0,3.0,1.0,9241.0,15869.0,1.0,0.0,12.0,3.0,2.0,0.0,10.0,3.0,3.0,10.0,8.0,8.0,7.0
24.0,1.0,0.0,240.0,2.0,22.0,1.0,5.0,4.0,0.0,58.0,1.0,1.0,8.0,3.0,0.0,1555.0,11585.0,1.0,0.0,11.0,3.0,3.0,1.0,1.0,2.0,3.0,1.0,0.0,0.0,0.0
32.0,0.0,1.0,585.0,0.0,10.0,3.0,0.0,1.0,0.0,56.0,3.0,1.0,1.0,3.0,0.0,3433.0,17360.0,6.0,0.0,13.0,3.0,1.0,1.0,10.0,3.0,2.0,5.0,2.0,1.0,3.0
31.0,0.0,0.0,741.0,0.0,2.0,4.0,0.0,2.0,0.0,69.0,3.0,1.0,2.0,3.0,0.0,3477.0,18103.0,1.0,0.0,14.0,3.0,4.0,1.0,6.0,2.0,4.0,5.0,2.0,0.0,3.0
24.0,0.0,0.0,506.0,0.0,29.0,1.0,1.0,2.0,0.0,91.0,3.0,1.0,2.0,1.0,2.0,3907.0,3622.0,1.0,0.0,13.0,3.0,2.0,3.0,6.0,2.0,4.0,6.0,2.0,1.0,2.0
35.0,0.0,0.0,1370.0,0.0,27.0,4.0,0.0,4.0,0.0,49.0,3.0,2.0,3.0,3.0,0.0,6883.0,5151.0,2.0,0.0,16.0,3.0,2.0,1.0,17.0,3.0,3.0,7.0,7.0,0.0,7.0
29.0,0.0,1.0,461.0,0.0,1.0,3.0,0.0,4.0,0.0,70.0,4.0,2.0,4.0,3.0,1.0,6294.0,23060.0,8.0,1.0,12.0,3.0,4.0,0.0,10.0,5.0,4.0,3.0,2.0,0.0,2.0
38.0,0.0,1.0,594.0,0.0,2.0,2.0,1.0,3.0,1.0,75.0,2.0,1.0,2.0,2.0,0.0,2468.0,15963.0,4.0,0.0,14.0,3.0,2.0,1.0,9.0,4.0,2.0,6.0,1.0,0.0,5.0
29.0,0.0,0.0,590.0,0.0,4.0,3.0,3.0,4.0,1.0,91.0,2.0,1.0,1.0,1.0,2.0,2109.0,10007.0,1.0,0.0,13.0,3.0,3.0,1.0,1.0,2.0,3.0,1.0,0.0,0.0,0.0
30.0,0.0,0.0,305.0,0.0,16.0,3.0,0.0,3.0,0.0,58.0,4.0,2.0,4.0,3.0,0.0,5294.0,9128.0,3.0,0.0,16.0,3.0,3.0,1.0,10.0,3.0,3.0,7.0,0.0,1.0,7.0
32.0,0.0,2.0,953.0,0.0,5.0,4.0,3.0,2.0,0.0,65.0,3.0,1.0,1.0,2.0,1.0,2718.0,17674.0,2.0,0.0,14.0,3.0,2.0,0.0,12.0,3.0,3.0,7.0,7.0,0.0,7.0
55.0,0.0,0.0,478.0,0.0,2.0,3.0,1.0,3.0,0.0,60.0,2.0,5.0,7.0,1.0,0.0,19038.0,19805.0,8.0,0.0,12.0,3.0,2.0,3.0,34.0,2.0,3.0,1.0,0.0,0.0,0.0
22.0,1.0,0.0,1294.0,0.0,8.0,1.0,1.0,3.0,1.0,79.0,3.0,1.0,2.0,1.0,0.0,2398.0,15999.0,1.0,1.0,17.0,3.0,3.0,0.0,1.0,6.0,3.0,1.0,0.0,0.0,0.0
44.0,1.0,1.0,429.0,0.0,1.0,2.0,1.0,3.0,0.0,99.0,3.0,1.0,1.0,2.0,2.0,2342.0,11092.0,1.0,1.0,12.0,3.0,3.0,3.0,6.0,2.0,2.0,5.0,3.0,2.0,3.0
37.0,0.0,0.0,1239.0,2.0,8.0,2.0,4.0,3.0,0.0,89.0,3.0,2.0,8.0,2.0,2.0,4071.0,12832.0,2.0,0.0,13.0,3.0,3.0,0.0,19.0,4.0,2.0,10.0,0.0,4.0,7.0
28.0,0.0,0.0,1181.0,0.0,1.0,3.0,0.0,3.0,0.0,82.0,3.0,1.0,1.0,4.0,0.0,2044.0,5531.0,1.0,0.0,11.0,3.0,3.0,1.0,5.0,6.0,4.0,5.0,3.0,0.0,3.0
46.0,0.0,2.0,849.0,1.0,26.0,2.0,0.0,2.0,0.0,98.0,2.0,2.0,0.0,2.0,1.0,7991.0,25166.0,8.0,0.0,15.0,3.0,3.0,0.0,6.0,3.0,3.0,2.0,2.0,2.0,2.0
40.0,0.0,0.0,616.0,0.0,2.0,2.0,0.0,3.0,1.0,99.0,3.0,1.0,2.0,1.0,0.0,3377.0,25605.0,4.0,0.0,17.0,3.0,4.0,1.0,7.0,5.0,2.0,4.0,3.0,0.0,2.0
42.0,0.0,0.0,1128.0,0.0,13.0,3.0,1.0,2.0,0.0,95.0,4.0,2.0,4.0,1.0,0.0,5538.0,5696.0,5.0,0.0,18.0,3.0,3.0,2.0,10.0,2.0,2.0,0.0,0.0,0.0,0.0
35.0,0.0,2.0,1180.0,0.0,2.0,2.0,1.0,2.0,0.0,90.0,3.0,2.0,3.0,4.0,2.0,5762.0,24442.0,2.0,0.0,14.0,3.0,3.0,1.0,15.0,6.0,3.0,7.0,7.0,1.0,7.0
46.0,1.0,0.0,261.0,0.0,21.0,2.0,1.0,4.0,1.0,66.0,3.0,2.0,4.0,2.0,0.0,8926.0,10842.0,4.0,0.0,22.0,4.0,4.0,1.0,13.0,2.0,4.0,9.0,7.0,3.0,7.0
34.0,0.0,0.0,810.0,1.0,8.0,2.0,3.0,2.0,0.0,92.0,4.0,2.0,0.0,3.0,0.0,6799.0,22128.0,1.0,0.0,21.0,4.0,3.0,2.0,10.0,5.0,3.0,10.0,8.0,4.0,8.0
58.0,0.0,2.0,350.0,1.0,2.0,3.0,1.0,2.0,0.0,52.0,3.0,4.0,5.0,2.0,2.0,16291.0,22577.0,4.0,0.0,22.0,4.0,4.0,1.0,37.0,0.0,2.0,16.0,9.0,14.0,14.0
31.0,0.0,1.0,1125.0,1.0,7.0,4.0,2.0,1.0,1.0,68.0,3.0,3.0,0.0,1.0,0.0,9637.0,8277.0,2.0,0.0,14.0,3.0,4.0,2.0,9.0,3.0,3.0,3.0,2.0,2.0,2.0
38.0,0.0,0.0,723.0,1.0,2.0,4.0,2.0,2.0,1.0,77.0,1.0,2.0,6.0,4.0,0.0,5405.0,4244.0,2.0,1.0,20.0,4.0,1.0,2.0,20.0,4.0,2.0,4.0,2.0,0.0,3.0
29.0,1.0,0.0,350.0,2.0,13.0,3.0,5.0,1.0,0.0,56.0,2.0,1.0,8.0,1.0,2.0,2335.0,3157.0,4.0,1.0,15.0,3.0,4.0,3.0,4.0,3.0,3.0,2.0,2.0,2.0,0.0
45.0,0.0,2.0,589.0,1.0,2.0,4.0,0.0,3.0,1.0,67.0,3.0,2.0,0.0,3.0,0.0,5154.0,19665.0,4.0,0.0,22.0,4.0,2.0,2.0,10.0,3.0,4.0,8.0,7.0,5.0,7.0
29.0,0.0,1.0,574.0,0.0,20.0,1.0,1.0,4.0,0.0,40.0,3.0,1.0,2.0,4.0,0.0,3812.0,7003.0,1.0,0.0,13.0,3.0,2.0,0.0,11.0,3.0,4.0,11.0,8.0,3.0,10.0
32.0,0.0,1.0,1318.0,1.0,10.0,4.0,2.0,4.0,0.0,79.0,3.0,2.0,0.0,4.0,1.0,4648.0,26075.0,8.0,0.0,13.0,3.0,3.0,0.0,4.0,2.0,4.0,0.0,0.0,0.0,0.0
46.0,0.0,0.0,706.0,0.0,2.0,2.0,0.0,4.0,0.0,82.0,3.0,3.0,3.0,4.0,2.0,8578.0,19989.0,3.0,0.0,14.0,3.0,3.0,1.0,12.0,4.0,2.0,9.0,8.0,4.0,7.0
27.0,0.0,0.0,728.0,1.0,23.0,1.0,1.0,2.0,1.0,36.0,2.0,2.0,6.0,3.0,0.0,3540.0,7018.0,1.0,0.0,21.0,4.0,4.0,1.0,9.0,5.0,3.0,9.0,8.0,5.0,8.0
46.0,1.0,0.0,1254.0,1.0,10.0,3.0,0.0,3.0,1.0,64.0,3.0,3.0,0.0,2.0,0.0,7314.0,14011.0,5.0,0.0,21.0,4.0,3.0,3.0,14.0,2.0,3.0,8.0,7.0,0.0,7.0
39.0,0.0,0.0,835.0,0.0,19.0,4.0,4.0,4.0,0.0,41.0,3.0,2.0,1.0,4.0,2.0,3902.0,5141.0,8.0,0.0,14.0,3.0,2.0,3.0,7.0,2.0,3.0,2.0,2.0,2.0,2.0
30.0,1.0,0.0,945.0,1.0,9.0,3.0,1.0,2.0,0.0,89.0,3.0,1.0,6.0,4.0,1.0,1081.0,16019.0,1.0,0.0,13.0,3.0,3.0,0.0,1.0,3.0,2.0,1.0,0.0,0.0,0.0
22.0,1.0,0.0,391.0,0.0,7.0,1.0,0.0,4.0,0.0,75.0,3.0,1.0,1.0,2.0,1.0,2472.0,26092.0,1.0,1.0,23.0,4.0,1.0,0.0,1.0,2.0,3.0,1.0,0.0,0.0,0.0
34.0,0.0,0.0,1480.0,1.0,4.0,3.0,0.0,3.0,0.0,64.0,3.0,3.0,0.0,4.0,0.0,9713.0,24444.0,2.0,1.0,13.0,3.0,4.0,3.0,9.0,3.0,3.0,5.0,3.0,1.0,0.0
37.0,0.0,0.0,783.0,0.0,7.0,4.0,1.0,4.0,0.0,78.0,3.0,2.0,1.0,1.0,0.0,4284.0,13588.0,5.0,1.0,22.0,4.0,3.0,1.0,16.0,2.0,3.0,5.0,3.0,0.0,4.0
34.0,1.0,2.0,967.0,0.0,16.0,4.0,3.0,4.0,0.0,85.0,1.0,1.0,1.0,1.0,0.0,2307.0,14460.0,1.0,1.0,23.0,4.0,2.0,1.0,5.0,2.0,3.0,5.0,2.0,3.0,0.0
42.0,0.0,0.0,1396.0,0.0,6.0,3.0,1.0,3.0,0.0,83.0,3.0,3.0,7.0,1.0,0.0,13348.0,14842.0,9.0,0.0,13.0,3.0,2.0,1.0,18.0,3.0,4.0,13.0,7.0,5.0,7.0
31.0,0.0,0.0,1079.0,1.0,10.0,2.0,1.0,3.0,1.0,86.0,3.0,2.0,0.0,4.0,2.0,6583.0,20115.0,2.0,1.0,11.0,3.0,4.0,1.0,8.0,2.0,3.0,5.0,2.0,1.0,4.0
34.0,0.0,0.0,735.0,1.0,3.0,1.0,1.0,4.0,1.0,75.0,2.0,2.0,0.0,4.0,0.0,8103.0,16495.0,3.0,1.0,12.0,3.0,3.0,0.0,9.0,3.0,2.0,4.0,2.0,0.0,1.0
29.0,1.0,1.0,746.0,1.0,24.0,3.0,3.0,3.0,0.0,45.0,4.0,1.0,6.0,1.0,1.0,1091.0,10642.0,1.0,0.0,17.0,3.0,4.0,0.0,1.0,3.0,3.0,1.0,0.0,0.0,0.0
27.0,0.0,0.0,1354.0,0.0,2.0,4.0,3.0,2.0,0.0,41.0,3.0,1.0,1.0,2.0,0.0,2226.0,6073.0,1.0,0.0,11.0,3.0,3.0,1.0,6.0,3.0,2.0,5.0,3.0,1.0,2.0
47.0,0.0,2.0,1169.0,0.0,14.0,4.0,3.0,3.0,0.0,64.0,3.0,2.0,1.0,2.0,0.0,5467.0,2125.0,8.0,0.0,18.0,3.0,3.0,1.0,16.0,4.0,4.0,8.0,7.0,1.0,7.0
56.0,0.0,0.0,1443.0,1.0,11.0,5.0,2.0,4.0,1.0,89.0,2.0,2.0,0.0,1.0,0.0,5380.0,20328.0,4.0,0.0,16.0,3.0,3.0,1.0,6.0,3.0,3.0,0.0,0.0,0.0,0.0
34.0,0.0,0.0,1239.0,1.0,13.0,4.0,1.0,4.0,0.0,39.0,3.0,3.0,0.0,3.0,2.0,8628.0,22914.0,1.0,0.0,18.0,3.0,3.0,1.0,9.0,2.0,2.0,8.0,7.0,1.0,1.0
38.0,0.0,0.0,1404.0,1.0,1.0,3.0,0.0,1.0,0.0,59.0,2.0,1.0,6.0,1.0,1.0,2858.0,11473.0,4.0,0.0,14.0,3.0,1.0,0.0,20.0,3.0,2.0,1.0,0.0,0.0,0.0
38.0,0.0,1.0,1444.0,2.0,1.0,4.0,4.0,4.0,0.0,88.0,3.0,1.0,8.0,2.0,0.0,2991.0,5224.0,0.0,1.0,11.0,3.0,2.0,1.0,7.0,2.0,3.0,6.0,2.0,1.0,2.0
55.0,0.0,0.0,189.0,2.0,26.0,4.0,5.0,3.0,0.0,71.0,4.0,5.0,5.0,2.0,0.0,19636.0,25811.0,4.0,1.0,18.0,3.0,1.0,1.0,35.0,0.0,3.0,10.0,9.0,1.0,4.0
23.0,0.0,0.0,571.0,0.0,12.0,2.0,4.0,4.0,0.0,78.0,3.0,1.0,2.0,4.0,1.0,2647.0,13672.0,1.0,0.0,13.0,3.0,3.0,0.0,5.0,6.0,4.0,5.0,2.0,1.0,4.0
40.0,0.0,0.0,444.0,1.0,2.0,2.0,2.0,2.0,1.0,92.0,3.0,2.0,0.0,2.0,0.0,5677.0,4258.0,3.0,0.0,14.0,3.0,3.0,1.0,15.0,4.0,3.0,11.0,8.0,5.0,10.0
38.0,0.0,1.0,508.0,0.0,6.0,4.0,0.0,1.0,0.0,72.0,2.0,2.0,3.0,3.0,0.0,5321.0,14284.0,2.0,0.0,11.0,3.0,4.0,1.0,10.0,1.0,3.0,8.0,3.0,7.0,7.0
35.0,0.0,0.0,1490.0,0.0,11.0,4.0,1.0,4.0,0.0,43.0,3.0,1.0,2.0,3.0,0.0,2660.0,20232.0,7.0,1.0,11.0,3.0,3.0,1.0,5.0,3.0,3.0,2.0,2.0,2.0,2.0
40.0,0.0,0.0,543.0,0.0,1.0,4.0,0.0,1.0,0.0,83.0,3.0,1.0,2.0,4.0,0.0,2406.0,4060.0,8.0,0.0,19.0,3.0,3.0,2.0,8.0,3.0,2.0,1.0,0.0,0.0,0.0
38.0,0.0,0.0,201.0,0.0,10.0,3.0,1.0,2.0,1.0,99.0,1.0,3.0,7.0,3.0,0.0,13206.0,3376.0,3.0,0.0,12.0,3.0,1.0,1.0,20.0,3.0,3.0,18.0,16.0,1.0,11.0
52.0,0.0,2.0,585.0,1.0,29.0,4.0,0.0,1.0,0.0,40.0,3.0,1.0,6.0,4.0,2.0,3482.0,19788.0,2.0,0.0,15.0,3.0,2.0,2.0,16.0,3.0,2.0,9.0,8.0,0.0,0.0
44.0,0.0,0.0,1037.0,0.0,1.0,3.0,1.0,2.0,0.0,42.0,3.0,1.0,1.0,4.0,1.0,2436.0,13422.0,6.0,1.0,12.0,3.0,3.0,0.0,6.0,2.0,3.0,4.0,3.0,1.0,2.0
56.0,1.0,0.0,310.0,0.0,7.0,2.0,3.0,4.0,0.0,72.0,3.0,1.0,2.0,3.0,0.0,2339.0,3666.0,8.0,0.0,11.0,3.0,4.0,1.0,14.0,4.0,1.0,10.0,9.0,9.0,8.0
40.0,0.0,0.0,1322.0,0.0,2.0,4.0,0.0,3.0,0.0,52.0,2.0,1.0,1.0,3.0,1.0,2809.0,2725.0,2.0,0.0,14.0,3.0,4.0,0.0,8.0,2.0,3.0,2.0,2.0,2.0,2.0
35.0,0.0,1.0,1199.0,0.0,18.0,4.0,0.0,3.0,0.0,80.0,3.0,2.0,4.0,3.0,0.0,5689.0,24594.0,1.0,1.0,14.0,3.0,4.0,2.0,10.0,2.0,4.0,10.0,2.0,0.0,2.0
40.0,0.0,0.0,1194.0,0.0,2.0,4.0,1.0,3.0,1.0,98.0,3.0,1.0,1.0,3.0,0.0,2001.0,12549.0,2.0,0.0,14.0,3.0,2.0,3.0,20.0,2.0,3.0,5.0,3.0,0.0,2.0
35.0,0.0,0.0,287.0,0.0,1.0,4.0,0.0,3.0,1.0,62.0,1.0,1.0,1.0,4.0,0.0,2977.0,8952.0,1.0,0.0,12.0,3.0,4.0,1.0,4.0,5.0,3.0,4.0,3.0,1.0,1.0
29.0,0.0,0.0,1378.0,0.0,13.0,2.0,4.0,4.0,0.0,46.0,2.0,2.0,2.0,2.0,0.0,4025.0,23679.0,4.0,1.0,13.0,3.0,1.0,1.0,10.0,2.0,3.0,4.0,3.0,0.0,3.0
